####
#
# OBJ File Generated by Meshlab
#
####
# Object target_out.obj
#
# Vertices: 413
# Faces: 799
#
####
mtllib nvaltar.mtl

vn 0.0002665738911989 -0.9999987842249602 -0.0015363876339399
v -0.7740777483156039 -0.6829749999986949 -0.3126068458046769
vn 0.2690291327857037 0.5182320368502081 -0.8118244155571183
v -0.7808941671494594 -0.4493680149300603 -0.6665864964340648
vn -0.0054215165642900 -0.7997681509190671 -0.6002845258155830
v -0.5469874346078021 -0.6808712239729472 -0.6658647795758131
vn -0.0056363879622228 -0.5460805585625504 -0.8377137068776852
v -0.3898505016115310 -0.6823385156197459 -0.6672997381969238
vn 0.0016192805340518 -0.8234083455034804 -0.5674469794489818
v 0.0097850000000000 -0.6829750000000000 -0.6673190000000000
vn -0.0005213779172604 0.5798038909535027 -0.8147558997640005
v 0.0092606453150822 -0.4602069216338415 -0.6673473038324104
vn 0.0032671077224920 -0.5475865322553335 -0.8367426818919351
v 0.2515356312382366 -0.6811932424775806 -0.6672789606672788
vn 0.0021193654776231 -0.9987589945233030 -0.0497592116976680
v 0.0097850000000000 -0.6829750000000000 -0.6634050000000000
vn -0.0040245098027627 -0.9999373229088325 -0.0104476588173885
v -0.3150680000000000 -0.6829750000000000 -0.6594910000000000
vn -0.0001075412573061 -0.8718822403473583 -0.4897155780672588
v 0.5498070747328652 -0.6816126184189125 -0.6673190000450608
vn 0.0169895461461628 -0.4110208700572228 -0.9114676075973028
v 0.8067049201453332 -0.6823850551813196 -0.6675113831259148
vn 0.0015059997554137 -0.9956554597305513 -0.0931017587024081
v 0.3150680000000000 -0.6829750000000000 -0.6594910000000000
vn -0.5056061974320412 0.3861401488296645 -0.7715297522326124
v 0.3226482981221657 -0.4517388137805322 -0.6650581993370794
vn 0.3389096206993140 -0.8652633628929346 -0.3694043608739036
v 0.9455836963314909 -0.6829259136394248 -0.6658107812817439
vn 0.4567214459120774 -0.8895938113905761 -0.0053264978709603
v 0.9475657122507209 -0.6830053931094749 -0.3978724666890329
vn -0.0010132306442248 -0.9999989730549453 -0.0010135347634054
v 0.6918777715196094 -0.6829750000009672 -0.3472131825574802
vn 0.0007930425446131 -0.9999990723493575 -0.0011074222081639
v 0.4930906307741854 -0.6829749999993571 -0.2978628238582500
vn -0.8076874729033813 -0.5895590279582912 -0.0078165636839145
v -0.9493480371114635 -0.6825263505741658 -0.3960398804083122
vn -0.4768382777803135 -0.4865111394473105 -0.7320738815428289
v -0.9424391287822326 -0.6824483603357294 -0.6681999116480404
vn -0.8858228343551289 0.3252033390591197 0.3309995383680243
v -0.9499550555439811 -0.4506000940272382 -0.4387421770867528
vn -0.0014286223352550 -0.9999989792917443 0.0000213000646231
v -0.1221242444241891 -0.6829750000041224 -0.3884413045545741
vn 0.8316576324303211 -0.1496855642050310 -0.5347334048748167
v 0.9541848942444702 -0.6629989012142887 -0.6650945325989521
vn 0.9858829791780065 0.0591725940424052 0.1566312723608898
v 0.9536550218472757 -0.4691029411198283 -0.4417663178555068
vn -0.0000000000080477 -1.0000000000000000 -0.0000000000013946
v -0.4241673647757427 -0.6829750000088841 -0.0782741415410959
vn 0.1641744944499911 -0.9864302041006195 0.0014791247748737
v 0.9452050000000000 -0.6829750000000000 -0.2211350000000000
vn 0.8698022341476245 -0.4933838105086760 -0.0040606649381505
v 0.9509395894723949 -0.6817490298684598 -0.2895417951385167
vn 0.2359728421258832 -0.9717594889609181 0.0005598155485487
v 0.9452050000000000 -0.6829750000000000 0.0058710000000000
vn -0.0004775759045040 -0.9999998618699091 0.0002195026608439
v 0.7846677260652396 -0.6829750000193123 -0.0394139896956573
vn 0.7755048793409379 -0.6313415732302842 -0.0000054320280113
v 0.9512688884122389 -0.6798848250860517 0.0473339862576235
vn 0.0197295737324972 -0.9995427055727061 0.0229155767269448
v -0.7808220000000000 -0.6829750000000000 0.2054800000000000
vn -0.3699825912821391 -0.8056782558187067 0.4625964010334283
v -0.9492757328079546 -0.6816946448015982 0.2826335646975763
vn -0.2988432351733015 -0.9543018302117124 0.0008588630452952
v -0.9446291215879142 -0.6834397959951776 0.0225595702683147
vn -0.9750126910934280 -0.2221441598081871 -0.0014914656771581
v -0.9529611659708696 -0.6753947039357092 -0.0282691161029290
vn -0.0202005959740140 -0.9997148764260252 0.0127319195250231
v -0.6516630000000000 -0.6829750000000000 0.2054800000000000
vn 0.0000051565321932 -0.9999999710537685 0.0002405532631448
v -0.1771461520102915 -0.6829750000050314 0.3447934890237127
vn -0.0000655876980473 -0.9999999925250240 -0.0001031901429932
v 0.1378015688670530 -0.6829750000005816 0.6605262406975650
vn 0.6029110340793383 -0.6438762275916093 0.4710856488238429
v 0.9493141860641543 -0.6811498884909695 0.2831970971129280
vn -0.5334154939531340 -0.8209015223467143 0.2039328355600953
v 0.7758633695281515 -0.6829692700912754 0.2128736827578444
vn 0.9682892908654712 -0.1464202332574995 0.2024276771789428
v 0.9530330000000000 -0.6751470000000001 0.2798430000000000
vn 0.5444343363146041 -0.7223186686289175 0.4264352171102015
v -0.7765916064037789 -0.6823430743091482 0.2133009615316505
vn 0.3164734871924046 -0.9485939305660670 0.0037532382682813
v -0.7808220000000000 -0.6829750000000000 0.2211350000000000
vn -0.4329789708546111 -0.6051527878153224 0.6680713391525079
v -0.6644591739104504 -0.6824270886465515 0.2130065296363274
vn 0.2099583500080814 -0.9765463802939911 0.0476933789596376
v -0.7808220000000000 -0.6829750000000000 0.2759300000000000
vn 0.6659434526950946 -0.6684336791415452 0.3312336552976375
v -0.7796825205781697 -0.6821015723355366 0.2823110871424479
vn -0.6630704733908537 -0.3235347098934629 0.6750280281672622
v 0.7791074402125054 -0.6809680422926669 0.2744483963463530
vn 0.1587991839030952 -0.9323784980230158 0.3247355164069003
v 0.6638694954185062 -0.6826856259246316 0.2131955271541351
vn 0.5102634345591880 -0.7579557383214184 0.4063672305901334
v 0.6650611399239952 -0.2372087294494896 0.2144150060220029
vn -0.8149177258613566 -0.5004059680743784 0.2924089040923668
v -0.6558992170185372 -0.6827615359256108 0.2205293547155838
vn -0.7919950015430598 -0.5554887299489260 0.2533301964443601
v -0.6508217159938231 -0.6811449218008734 0.3523182565221155
vn -0.9303198478736426 -0.1927200515287076 0.3120319893714982
v -0.6555770000000000 -0.2446180000000000 0.2211350000000000
vn -0.6516126479256230 0.0029515428289661 0.7585461393074826
v -0.6594910000000000 -0.6751470000000001 0.2172210000000000
vn -0.6105877430632501 -0.4748176417812520 0.6338223844849732
v -0.6599934715304667 -0.2382620985222350 0.2176386578178299
vn -0.1733975490973695 -0.2778768051777041 0.9448374310489915
v -0.6634050000000000 -0.2446180000000000 0.2133070000000000
vn 0.9311764349360292 -0.2464957397048072 0.2686080738310125
v 0.6524468001481799 -0.6822363387686503 0.3481108159544172
vn 0.6378252859618634 -0.6945348145670481 0.3328667840773291
v -0.7737558439121753 -0.2381017043158052 0.2191922447588863
vn 0.6447315325054972 -0.7616538245470814 0.0648436777636547
v 0.6343550201755075 -0.6823402008707401 0.3831787761238047
vn 0.9316956028232073 -0.2344884233233601 0.2774139199954195
v 0.6516630000000000 -0.2446180000000000 0.3502940000000000
vn -0.3796567396887348 -0.9160216769333880 -0.1294799111718265
v -0.6326119877557549 -0.6827880783629179 0.3861558966597886
vn -0.0048122489768470 -0.9999180703623546 0.0118614848400164
v 0.0097850000000000 -0.6829750000000000 0.9334640000000000
vn 0.5344574705494924 -0.7856281160384233 -0.3116788017555185
v 0.7342151875223797 -0.6812948964642807 0.4942861806281805
vn 0.1568129398626179 -0.1590482381181542 0.9747375851187610
v -0.7856582505419143 -0.2363984186626479 0.2840380329146904
vn 0.0787230551190753 -0.7941091799659536 0.6026552006632979
v 0.9429194775622544 -0.6827334470812839 0.2832464142501444
vn 0.0656923503712064 -0.0029792369096349 0.9978354770452608
v 0.9452050000000000 -0.4520550000000000 0.2837570000000000
vn 0.7462463647121609 -0.0074923309858689 0.6656276948341938
v 0.9521630475912543 -0.4986716192978086 0.2820439221440453
vn -0.9926394518642877 -0.0427452142102196 -0.1133126880128119
v -0.6360080000000000 -0.2407040000000000 0.3816050000000000
vn -0.9806201938581558 -0.1210487760985424 -0.1540494375278210
v -0.7416830000000000 -0.6751470000000001 0.5029350000000000
vn -0.7406387934239674 -0.5504918684717006 -0.3852439232772212
v -0.7363247854813145 -0.6805163403423612 0.4964216985651199
vn 0.2702748411364247 -0.8412051356980067 0.4683219297918669
v 0.3228960000000000 -0.6829750000000000 0.9373780000000000
vn -0.0055595965304956 -0.8259032216132555 0.5637844973172496
v 0.2864367727882237 -0.6846223566532277 0.9362044622541318
vn 0.0022060488741279 -0.7071287408299004 0.7070813795035791
v 0.0097850000000000 -0.6829750000000000 0.9412920000000000
vn 0.8691444181994750 -0.4872698982685639 0.0845933008815689
v 0.7413565841953843 -0.6756952914311126 0.5057270314249065
vn 0.9117560051849622 -0.2139340768622319 0.3506183078024645
v 0.7416830000000000 -0.6751470000000001 0.5068490000000000
vn 0.4434792074475719 -0.3246087184629265 0.8354372343028111
v 0.3227947267682184 -0.6782304321273561 0.9412424339525965
vn 0.9177793156846537 -0.0024979757531614 -0.3970829734684498
v 0.7416830000000000 -0.2407040000000000 0.4990220000000000
vn -0.5111204948120327 -0.7084818166591664 0.4866306147854143
v -0.5144169676893250 -0.6816276311093025 0.7437433075989521
vn -0.8404311144083502 -0.3800496961980187 0.3863130470928108
v -0.7399532358029998 -0.6813986523436268 0.5066493769073329
vn -0.8941254940099898 0.0026933015330547 0.4478083821102994
v -0.7416830000000000 -0.2407040000000000 0.5068490000000000
vn 0.0031277450097048 -0.0774384317611335 0.9969922299083029
v 0.0097850000000000 -0.6751470000000001 0.9412920000000000
vn -0.4406850914683736 -0.7953649731893488 0.4161624797852610
v -0.3391458586789914 -0.6823174470287162 0.9193767605499925
vn -0.1844940321939817 -0.4678824048446126 0.8643193896480793
v -0.3217564472851320 -0.6810185954237007 0.9411952302531710
vn 0.3777341702535034 0.2331203122843218 0.8960869470220831
v 0.6086452923330929 -0.4522095025892638 0.6441010165491667
vn 0.8508301091996190 0.3698193457236362 0.3732583244991413
v 0.4037016582107374 -0.4516974854599765 0.8588342446393882
vn -0.4149144813336812 0.0029542693285158 0.9098556179264582
v -0.3227346450546763 -0.2406976261885936 0.9413365117090856
vn -0.0185022844760269 -0.1445146369358394 0.9893296645610453
v 0.3150680000000000 -0.6751470000000001 0.9412920000000000
vn 0.3045222767430318 0.0013744187393604 0.9525042225315168
v 0.3236784218712354 -0.2005862740906059 0.9406651289741528
vn -0.4203571218073034 0.1852573979941340 0.8882452288835121
v 0.1541953459693550 -0.4434769866303446 0.9399056854829017
vn -0.7905889619590011 -0.0038929629194902 -0.6123348251310687
v -0.9499789196820204 -0.3315529812953342 -0.6672727685250547
vn -0.2327748339532659 0.2510702143330050 -0.9395635285348236
v -0.5462914264405940 -0.4529891643538241 -0.6652653438638160
vn 0.3335467154456897 0.1835154004618119 -0.9246992410555621
v 0.5511706687042722 -0.4540134074272646 -0.6648231488924471
vn -0.2384239578273672 -0.4986377069941325 -0.8333753377065868
v 0.7785686056927854 -0.2326073280262550 -0.6665343885152011
vn -0.9999662440593172 -0.0038957092541709 -0.0072342374379822
v -0.9499800233158516 -0.4543297833937504 -0.4309500785196623
vn 0.9813677718888542 0.1908789435137549 -0.0219664567233476
v 0.9526347635100759 -0.4569821433300882 0.0123307329243160
vn -0.8978578612063419 0.0538244524106635 0.4369830538964471
v -0.9527170689385984 -0.4074263010617521 0.2801043880812815
vn -0.8030262284870274 -0.0725190338668876 0.5915148908429216
v -0.9512598130491369 -0.2861868872960910 0.2829045462608478
vn -0.8357463331889725 0.4981293180153510 -0.2310741203483166
v -0.9505948572133026 -0.4515418973228387 0.0409234518402176
vn -0.9906902551259666 0.1352920618999859 -0.0151286610543563
v -0.9530330000000000 -0.4598830000000000 0.0450100000000000
vn -0.8731878327809728 0.4873628144524702 -0.0045272256664515
v -0.9518265480588107 -0.4560267652117981 -0.1719216452597334
vn 0.5213903140259645 -0.3731412145830481 0.7674097825929729
v -0.7759562181271259 -0.2441764337209457 0.2137925120886972
vn -0.3703436080282488 -0.2877131701632873 0.8832138720079130
v 0.7769080000000000 -0.2446180000000000 0.2133070000000000
vn -0.8245284626052020 -0.5539066166360128 0.1155001056308904
v 0.7749685548004170 -0.2398069934893714 0.2186999356707677
vn -0.6345535376060687 -0.1116695472330530 0.7647690632683753
v 0.7781845276996847 -0.2410934787459509 0.2816526684352533
vn 0.9797393174983421 0.1573728055640714 -0.1238736041970837
v 0.9530330000000000 -0.4520550000000000 0.0450100000000000
vn -0.5997495401749998 0.7995882655954756 0.0309692522011060
v -0.6537373229306402 -0.0769480339165920 0.3507574191752299
vn 0.8949878217456606 0.0042684956358273 0.4460701501691910
v 0.6477500000000000 -0.2407040000000000 0.3581210000000000
vn -0.9015262916331301 -0.0057645750355527 -0.4326859313276500
v -0.7416830000000000 -0.2407040000000000 0.4990220000000000
vn -0.9995300379779195 0.0099857885532020 -0.0289825327883804
v -0.7416830000000000 -0.2407040000000000 0.5029350000000000
vn -0.8717645146527733 0.4594566305248747 -0.1700771461982572
v -0.7418441457206343 -0.0771295953809935 0.5000900838575426
vn 0.9984106209217686 0.0063344578692077 -0.0560009524393283
v 0.7416830000000000 -0.2407040000000000 0.5029350000000000
vn 0.9375755663014215 0.0040322198786518 0.3477582474613923
v 0.7416830000000000 -0.2407040000000000 0.5068490000000000
vn 0.8450242458711720 0.3524898887721997 0.4021006120403439
v 0.7416830000000000 -0.0763210000000000 0.5068490000000000
vn 0.5252388223258662 -0.4560510992509224 0.7184299370110927
v 0.6094720420929106 -0.2359200635032677 0.6418073854639217
vn -0.8364752469937521 0.2636733655611034 0.4804014128418256
v -0.4166027340708346 -0.4544078369634805 0.8428160770922014
vn 0.0002235584688559 -0.0032504175755656 0.9999946923895124
v -0.1663410000000000 -0.2328770000000000 0.9412920000000000
vn 0.0014049194859483 0.5149323282459204 0.8572296795657940
v -0.1440239440838307 -0.0773970502511380 0.9415204567915311
vn 0.7068837043231502 -0.0048625536968295 0.7073130736342478
v 0.3972600000000000 -0.2328770000000000 0.8669280000000000
vn 0.4959024208492971 0.3754220011701015 -0.7830319980902716
v -0.7751624450345586 -0.4498229673887463 -0.5980048850721058
vn 0.1580880647441147 0.3656224097396526 -0.9172395637354671
v -0.3266888141471068 -0.4529486714513425 -0.6671510185260207
vn 0.0034701514416864 0.8960687016020273 -0.4439018360608893
v 0.0097850000000000 -0.4520550000000000 -0.5851270000000000
vn 0.5973477108935007 0.4681798428945290 0.6511400363958194
v 0.9490738639380459 -0.4511551938176758 -0.4379104690420150
vn 0.7127063556454846 0.7014624331854371 -0.0003247338885641
v 0.9502784274837456 -0.4522982372491240 -0.1256041272739134
vn -0.5236343394992266 -0.3740476851071082 0.7654380495920112
v -0.6035559640701026 -0.2337623835678097 0.6498874865396264
vn -0.5168849076820135 0.7002113037920230 0.4924775347692841
v -0.5499020000000000 -0.0763210000000000 0.7103720000000000
vn 0.3457118169543081 0.6390542071422052 0.6870902851532674
v 0.5175142982691824 -0.4539927444148205 0.6107434327399375
vn -0.3241467480861266 0.8880626476126412 0.3259963490906225
v -0.4516373857306010 -0.0764916503434670 0.8124750361222128
vn 0.8376402103144268 -0.3731547117523969 0.3988915130225116
v 0.4011740000000000 -0.2328770000000000 0.8630139999999999
vn 0.6964649579942984 -0.6780739846146658 -0.2348451269981776
v 0.4006207893133236 -0.2367976557280866 0.8519405347036767
vn 0.6043392154877977 -0.5400734958736896 0.5857428887134398
v 0.4559690000000000 -0.2328770000000000 0.8082190000000000
vn 0.5155818412877557 -0.4933320052013251 0.7005704087230399
v -0.1545990000000000 -0.2328770000000000 0.9412920000000000
vn 0.5300163038936425 -0.5568713105546796 0.6395131437961502
v -0.1426262500664582 -0.2447142617619687 0.8736499049706656
vn -0.0084992219762761 -0.7891432636439760 0.6141503664992247
v 0.0097850000000000 -0.2328770000000000 0.9412920000000000
vn -0.2339255553372993 -0.2250399427396058 0.9458519222012984
v 0.1556782543427243 -0.2402051505763617 0.9408594868732713
vn 0.3063775935074156 0.3248916803303915 0.8947503373839540
v -0.1437378525899216 -0.4537667306106654 0.9401802755771131
vn 0.5098696843965224 0.7648084048490299 -0.3938286541196223
v 0.9473295245723117 -0.4490097467027442 0.0336208043023616
vn -0.4974001209208734 0.5721238563616104 -0.6521253044391236
v -0.9446892418186620 -0.0762147971962527 -0.6705517974079297
vn -0.0055248062189827 0.0026166819048499 -0.9999813145714532
v 0.7769080000000000 -0.0802350000000000 -0.6673190000000000
vn 0.4513125188590725 -0.2303080844978771 -0.8621340942892805
v -0.7767663253666207 -0.2376539394915006 -0.6654141615294461
vn 0.0828411030502798 -0.9814451328609487 -0.1729242690572019
v -0.3189820000000000 -0.2367910000000000 -0.6634050000000000
vn 0.4310171615667570 -0.4162041622840314 -0.8006236954602231
v -0.3233352827539231 -0.2378675023828626 -0.6659300994031394
vn -0.8210842735360342 0.4449241875274486 -0.3575794780252954
v 0.3218766179568455 -0.4500279641909481 -0.5856903934235284
vn -0.8036331402194281 -0.2831805396337028 -0.5234334321705348
v 0.3223675297678485 -0.2423304035761768 -0.5829727680171845
vn -0.3581042085848862 -0.8294834717260896 -0.4286240146410673
v 0.3208397538240018 -0.2372535026700981 -0.6633776227264160
vn -0.0661736619632363 -0.1688944937412876 -0.9834102381235664
v 0.3337162088745101 -0.2290984760758752 -0.6686274142269506
vn -0.0043425544398571 -0.0047321825339348 -0.9999793741219878
v 0.3737770000000000 -0.0802350000000000 -0.6673190000000000
vn -0.0022431875147092 0.1730978099055350 -0.9849020846336357
v -0.5438053887407346 -0.4428920929037394 -0.5953245268055677
vn -0.7425432822271124 0.6462579767647203 -0.1760116515670406
v -0.5431943833223689 -0.4503112240931864 -0.6008955617261977
vn -0.1262233073922050 0.3312093771560881 -0.9350764809120424
v 0.3150680000000000 -0.4481410000000000 -0.5812130000000000
vn -0.2573580933928016 0.6719198133665880 -0.6944714365405041
v 0.3185137610260630 -0.4506271131560400 -0.5828838494822678
vn 0.4830301024041322 0.6591361686352155 -0.5763865294820328
v 0.5465823490213320 -0.4490963326436597 -0.5977577056044096
vn 0.5625408540573423 -0.5005708938413738 -0.6580095498967200
v 0.5366541862365799 -0.2619202708383304 -0.5814288165359215
vn -0.2129902753822338 0.2210504950021454 -0.9517204533117415
v 0.7721355863276850 -0.4638322306364690 -0.6516264361997647
vn 0.5757164471983083 -0.0105847796828841 -0.8175809041706039
v 0.9478799323510814 -0.3316593352746005 -0.6692628268627427
vn 0.6422938822017731 0.1645965455798834 -0.7485763461861084
v 0.9505703577034536 -0.0800386306415803 -0.6677772148768907
vn 0.8588489679347563 -0.2608457003941264 0.4408378056193701
v 0.9499617486252225 -0.2384391323118977 -0.4400316070817203
vn 0.4992841275239323 -0.6021458651036466 -0.6230053909407579
v -0.7760963700495224 -0.2402130632526266 -0.5969858968045541
vn 0.2915845894740827 -0.8544793269437778 -0.4299343054548440
v -0.3153355915934314 -0.2383304763756855 -0.5819330079064181
vn 0.5071604344762908 0.4293952529766688 -0.7472670275229081
v -0.3168980922932522 -0.4512567929821647 -0.5824711077653800
vn -0.0011324106012552 0.3037500544468643 -0.9527510808546779
v 0.0097850000000000 -0.4481410000000000 -0.5812130000000000
vn -0.0001855329930783 -0.3046577723835248 -0.9524618665877478
v 0.0097850000000000 -0.2407040000000000 -0.5812130000000000
vn 0.9884657701275774 -0.1398850857454715 -0.0580308889478470
v 0.9530330000000000 -0.2289630000000000 -0.4442270000000000
vn -0.6122801831273599 0.5108928290005752 0.6034082321491113
v -0.8682376097693244 -0.4505244864821804 -0.4372425089287208
vn 0.1465232942468773 0.7852917115379578 0.6015379057323219
v 0.8991922513253342 -0.4505029899994886 -0.4391948152714900
vn 0.8197634386781526 -0.4176193274417663 0.3918953966987333
v 0.8304250857297041 -0.3246435480162356 -0.4827894601050783
vn 0.5929152281982174 0.7935160211741435 -0.1370542093866957
v 0.8689034844311554 -0.4508673144566049 0.0148306599407808
vn -0.2614509812887171 0.9275720827559656 -0.2669333543694510
v -0.8708420000000000 -0.4520550000000000 0.0371820000000000
vn -0.6681919472005636 0.3518628326983886 -0.6555242700783738
v -0.8670914538918283 -0.4483547131457255 0.0409030489368304
vn -0.5835913042906598 0.8120471362414877 -0.0007987980504717
v -0.8700834472099991 -0.4515681548579860 -0.1450675457388128
vn 0.8440568683081359 0.5362532924080253 0.0006398776562013
v 0.8677674317651332 -0.4494644108527255 -0.1147636735938153
vn -0.7419592479922738 -0.4232308050331978 -0.5199732300702516
v -0.9493786702140493 -0.2386125179916760 0.0402960668174784
vn -0.0661484234005769 0.5783473469561932 -0.8131043797387582
v -0.9425416848715185 -0.4500482582707945 0.0402662375242775
vn 0.7744000246103191 -0.3670015535812474 -0.5153779793049835
v 0.9500619844530649 -0.2387563366957712 0.0409437179020227
vn 0.9078908065370798 0.3223341029869611 0.2680205392447418
v 0.9533019075974815 -0.0789870786408234 0.2768926047999662
vn 0.7127807193967440 0.0038610392012572 0.7013763172737916
v 0.9515376208934151 -0.2707271513688901 0.2821138006470297
vn -0.8066451246073040 0.2050911404144718 0.5543115252912918
v -0.9520873269986920 -0.0842908778230571 0.2825759240690017
vn -0.9929670223341471 -0.1174534653846431 -0.0148719879638089
v -0.9530330000000000 -0.2289630000000000 0.0410960000000000
vn -0.5289606181314477 0.2531595429561547 0.8100067347104144
v -0.6634050000000000 -0.0802350000000000 0.2837570000000000
vn -0.2581754343232137 -0.6082445532322311 0.7505891076849860
v 0.7719354111001592 -0.2354226521047097 0.2739596885348745
vn -0.2240089927086726 -0.2471913749838957 0.9427175586140406
v -0.5457419065067877 -0.2572037251771357 0.5846501888396010
vn -0.5020398551460642 0.2602628962301589 0.8247540292055617
v -0.6032106539240295 -0.4525628457800323 0.6403140491293013
vn 0.8510777334118363 0.4001296015064663 -0.3399455745981225
v 0.3372181769241178 -0.4465977796718716 0.8015744591264378
vn -0.8692014394790274 0.4802833614871494 0.1175446735764353
v -0.3611393120780801 -0.4511267242449946 0.7761080450768735
vn -0.9323812285495323 -0.1803161725509979 0.3132911147240270
v -0.3938693228120630 -0.2390288402150813 0.8575700029274383
vn 0.7153222392814839 -0.6595364163503259 0.2309238175180137
v 0.3385817401172752 -0.2395894759622149 0.8013150043754992
vn 0.5595920367309437 0.5436440011595918 0.6255461233438377
v -0.1460208552405754 -0.4466695127038530 0.8624406169319783
vn -0.9927053521385361 -0.0010333543542200 -0.1205612542000282
v -0.5420739999999999 -0.2407040000000000 -0.5968690000000000
vn -0.1821394611376360 -0.2070374862407632 -0.9612287428014195
v -0.5521344455305426 -0.2311393239551737 -0.6453008399043876
vn -0.6103890208638969 -0.4528712095001504 -0.6498714571472454
v 0.7767708651479952 -0.2375434194135673 -0.5997744694067455
vn -0.0010025334125847 -0.9511925623498678 -0.3085963451777250
v 0.0097850000000000 -0.2367910000000000 -0.5851270000000000
vn -0.6249681416170539 -0.5729420691835397 0.5302378780541899
v -0.8961841776989710 -0.2358130810027798 -0.4318355923293973
vn 0.5058725776808383 -0.8625802300589667 0.0069485150906140
v 0.8697340072166715 -0.2374206496323173 -0.0860131315380641
vn 0.9090389521882135 -0.3978318345939070 -0.1240081238798534
v 0.8679439118388018 -0.2390512645089948 0.0089285893680877
vn 0.5967769888633864 -0.0402963630634369 -0.8013946772265269
v 0.8523997738000345 -0.3259413968587008 0.0475554617653208
vn 0.0887515032485477 0.4111164035644457 -0.9072521553522807
v 0.9065372237131162 -0.4476915959812919 0.0398377161112658
vn -0.5713226136847164 -0.5635379103273186 -0.5966703400675981
v -0.8671819600872763 -0.2403855411212854 0.0408601522128626
vn -0.6982319047553639 -0.7158643382699847 0.0032336318549558
v -0.8700524660221796 -0.2345841951195748 -0.0121659826065365
vn 0.0028868758994778 -0.6916151114821176 -0.7222604817634140
v -0.9362125941418853 -0.2381426458615256 0.0394453539378532
vn -0.0735253940809623 -0.3203537990439055 0.9444402891995747
v 0.5417743609699137 -0.2447221497819143 0.5857227252282957
vn -0.3649220798973589 0.5723353902179209 0.7343460197396632
v 0.1677798580888040 -0.4204627295935137 0.8546025056840009
vn -0.6314224025119305 -0.6925948018190905 0.3487379963514679
v 0.1454376944127611 -0.2398660822828289 0.8769114141613747
vn -0.0034925829210172 0.9999939004685916 -0.0000298354201405
v 0.0097850000000000 -0.3855190000000000 0.0567510000000000
vn 0.0591787412243732 0.5385890974254289 0.8404877516784883
v -0.0487641857039942 -0.3837125926656958 -0.3290264404858548
vn -0.4995620247615011 0.7431582510902048 0.4451444678446957
v 0.3393316623987624 -0.3844830847380920 -0.1377117051910045
vn -0.8095697043382314 0.5745982985716002 0.1201402892302614
v 0.4180389076352978 -0.3806744293653213 0.0719753327870537
vn 0.2917749978490279 0.9555434403847336 0.0424745119796227
v -0.4300111346464946 -0.0739295226498358 0.0793991095079122
vn 0.8064632622655541 0.5498009554388027 0.2175681870462220
v -0.3958948106448679 -0.3843013793707146 -0.0384689243691424
vn -0.7650900727184676 0.4332076053115422 -0.4764119554837903
v 0.3704010213341801 -0.3838577740218332 0.3781345723694793
vn 0.6578366885985939 0.7409295798207747 -0.1351822802006488
v -0.4036008319847441 -0.0733352592908381 0.2704961726904658
vn 0.6892254693808743 0.6155044685706405 -0.3822597304533754
v -0.3695859599757788 -0.3856548905066329 0.3782095910993015
vn -0.1677729667871910 0.3758308560155245 -0.9113744561277006
v 0.0841490000000000 -0.0724070000000000 0.5772990000000000
vn 0.0138120078870742 0.4435049107747269 -0.8961655106936603
v 0.0083848265329575 -0.3836327785224183 0.5942158408019730
vn -0.8739455226932140 -0.4156876857356309 0.2518391774371899
v -0.6784777467939629 -0.2323135102986514 0.2826086059174376
vn 0.1965300330504907 -0.1828686934879978 -0.9632938217652836
v 0.5458625003181455 -0.2393377820188179 -0.6645013592265044
vn -0.1142740110715009 -0.5046248610283325 -0.8557424846446311
v 0.2951452520568821 -0.2385575980061718 -0.5826617164731753
vn -0.6841916618014657 -0.7292316079365727 -0.0101504634174899
v -0.9505180406450976 -0.2361887164665470 -0.1504408466751229
vn -0.9281785864435068 -0.2696036624923965 0.2565119428767785
v -0.9534827132257374 -0.2226613827867371 -0.4407256634127911
vn 0.8387428162175300 -0.5434029262980153 0.0349821087734940
v 0.9512079612008025 -0.2339062195082972 -0.1736667422288729
vn 0.3435222170700093 0.7970873757555593 0.4966328641868371
v 0.6630190960849568 -0.0769347745382048 0.2817516137141208
vn -0.5993030918440936 0.7262802671328307 0.3366790425309749
v -0.7315105510882085 -0.0777512805415687 0.5194308665417385
vn 0.6608649937623607 0.7118332110680895 0.2378044146772038
v 0.6581694759956327 -0.0764465065295284 0.3384810766718321
vn -0.5804936079594389 0.8138713504207458 -0.0253099996551727
v 0.4254049133633753 -0.0735903045999791 0.1496467278979743
vn 0.8736904484469258 0.4259219580960997 -0.2350648546767337
v 0.6363574100697883 -0.0785687550263653 0.3809861459474439
vn 0.6652871665472999 0.7251390710562100 -0.1776691128339480
v 0.7388540767075337 -0.0778059913393933 0.4925101839624665
vn -0.6611255950212832 -0.7365063780273493 0.1430779603320838
v -0.3506818554358982 -0.2368541523290500 0.7876033596454705
vn 0.7195046609478396 -0.0016503680188455 0.6944856507946991
v 0.4559690000000000 -0.2289630000000000 0.8082190000000000
vn -0.5013896933143831 0.3239544168517783 0.8022854300311911
v -0.3233038200826536 -0.0763247309266852 0.9408331041135163
vn 0.5879349210376660 0.1974345585309336 0.7844438308267386
v 0.3280561637868453 -0.0835445338861509 0.9375050679521226
vn 0.1241590047108365 0.4865701227102717 0.8647739919972881
v 0.3084467687251343 -0.0770049570650617 0.9401685322381029
vn -0.0002480147911046 -0.8584924606740245 -0.5128261239977171
v 0.0097850000000000 -0.2367910000000000 -0.6634050000000000
vn 0.0030675324153684 -0.3777716160064125 -0.9258937284509406
v 0.0097850000000000 -0.2289630000000000 -0.6673190000000000
vn -0.5315448149204984 -0.2367220446978477 -0.8132790316276469
v -0.3736041536131107 -0.1588511832404197 -0.6674559237212963
vn 0.7130912700248022 -0.7008019803204706 -0.0194274288911645
v 0.9492907123421206 -0.2362230316483082 -0.0216985666584222
vn -0.7196682491126255 0.6943164754107792 -0.0014977290544995
v -0.9505204814192666 -0.0766246344999710 -0.1746196292012403
vn -0.9544611299547361 0.2982119536483325 -0.0085780013274230
v -0.9530330000000000 -0.0802350000000000 -0.4481410000000000
vn 0.8304412413049571 -0.3586404896338473 0.4263148413263093
v 0.6684375826766275 -0.2350019738379077 0.3145109292732322
vn -0.9611761977017816 0.1971488330430038 -0.1930612716246513
v -0.3737769999814342 -0.0707995058910970 -0.6676181808873640
vn 0.5480415063973612 -0.5564839551194062 -0.6244806762105405
v 0.3737770000000000 -0.1624270000000000 -0.6673190000000000
vn 0.8720141066123716 0.4301594214871641 -0.2335685551928077
v 0.3737770000000000 -0.0763210000000000 -0.6673190000000000
vn 0.0000526057935302 0.5547001969278258 -0.8320502922064636
v 0.5420739999999999 -0.0763210000000000 -0.6673190000000000
vn 0.0000313638800468 -0.0049952360280215 -0.9999875232388309
v 0.5420739999999999 -0.0802350000000000 -0.6673190000000000
vn 0.2873665836646668 0.9157804297178292 0.2806539704667046
v 0.4810823229399825 -0.0767562492495825 0.7820892014837576
vn 0.6819179141583694 -0.7306870954499572 -0.0329291192230215
v 0.3728578561439485 -0.1612338962859871 -0.6891384156863728
vn 0.8225324197757756 0.5687181324798273 0.0003228102613242
v 0.9521754986958098 -0.0789830729864237 -0.2564798017077738
vn 0.8603116432410423 0.5097684244095777 -0.0001731440855059
v 0.9525743575265387 -0.0787439187293383 0.0676913393291380
vn -0.8201334638927575 0.5721683889636396 0.0021061989507266
v -0.9520156988316478 -0.0786179887528670 0.0451002032338649
vn -0.0051681844726814 0.9999847134272849 0.0019653958907577
v -0.5459880000000000 -0.0763210000000000 0.7064580000000000
vn -0.3424793862834288 -0.9122696364750152 0.2246596989597149
v -0.3737770000000000 -0.1624270000000000 -0.6712330000000000
vn -0.0010920084522889 -0.8916329264120407 -0.4527576968483700
v 0.0097861720792871 -0.1624455656477193 -0.6673894737405310
vn -0.8014939521404051 -0.5273645302670277 -0.2819469753315177
v -0.3735043718364801 -0.1588436110180048 -0.9340780997807471
vn -0.0024321957372443 -0.9496151188900931 -0.3134090145468859
v 0.0097850000000000 -0.1585130000000000 -0.9412920000000000
vn 0.2292343840396953 -0.7757311967122363 -0.5879563824139877
v 0.3698315491942897 -0.1576120347331451 -0.9430773172833179
vn 0.8988908684656290 -0.1948815292284299 -0.3924492274864301
v 0.3737770000000000 -0.1545990000000000 -0.9412920000000000
vn -0.4269741773287791 -0.2434663371946920 -0.8708715143736262
v -0.3698630000000000 -0.1545990000000000 -0.9452050000000000
vn -0.9514942763703919 -0.0023219753757905 -0.3076576839032927
v -0.3737770000000000 0.0919770000000000 -0.9412920000000000
vn -0.4575823711449426 0.0000000000000000 -0.8891672360233323
v -0.3698630000000000 0.0919770000000000 -0.9452050000000000
vn -0.0016160091004181 -0.4429191899690993 -0.8965600814623103
v 0.0097850000000000 -0.1545990000000000 -0.9452050000000000
vn 0.3281107049906782 -0.0004171260720047 -0.9446391857616114
v 0.3698630000000000 0.0919770000000000 -0.9452050000000000
vn 0.9518812670173453 0.0006749956476297 -0.3064663079072951
v 0.3737770000000000 0.0919770000000000 -0.9412920000000000
vn 0.0024955070131412 0.9999894102443392 -0.0038667614260543
v 0.5420739999999999 -0.0763210000000000 -0.6634050000000000
vn 0.0066859120940774 0.6885293723051180 -0.7251776348265233
v -0.6816274341530449 -0.0767067759956608 -0.6669345050795632
vn 0.0027806845256646 0.7235326410756613 -0.6902845681975275
v 0.8020766035766707 -0.0763295444844324 -0.6672782290398249
vn -0.1445604355734987 0.9273685442842400 -0.3450939923251781
v 0.9452050000000000 -0.0763210000000000 -0.6634050000000000
vn 0.1875583089546926 0.8585153829613902 -0.4772559250137329
v 0.9490208620830305 -0.0763462552861427 -0.6664414982275851
vn 0.6079753510962984 0.7939551478984841 -0.0010934280172558
v 0.9506268137368112 -0.0771368638474656 -0.4060637623685863
vn -0.2524507004148400 0.9676066216493679 -0.0024636558918831
v -0.9479949468530986 -0.0761063164960212 -0.4056728718812279
vn 0.2783949025266518 0.8162573079667029 0.5061820674798022
v 0.9425784839444182 -0.0770221139066628 0.2842762234165886
vn -0.3014815794252610 0.8825691002092159 0.3608055440582157
v -0.9473011985690266 -0.0762153094653054 0.2808756161964215
vn -0.1061193746389595 0.9943533756736432 0.0002064283576924
v -0.9452050000000000 -0.0763210000000000 0.0058710000000000
vn -0.0055486479662598 0.4357210605078373 0.9000646476424191
v -0.8574373689721952 -0.0783065304953079 0.2838676326199344
vn -0.3061795029360849 0.8608182167535234 0.4065047474348805
v -0.6634050000000000 -0.0763210000000000 0.2798430000000000
vn 0.0001614491429772 0.9816996539435272 0.1904357198146741
v -0.8277890000000000 -0.0763210000000000 0.2798430000000000
vn -0.0008397687839459 0.9999502509142298 0.0099393402677548
v -0.6594910000000000 -0.0763210000000000 0.2798430000000000
vn -0.1027219122555370 0.5661310601972497 0.8178898650934024
v 0.8753789091952430 -0.0777584193024266 0.2838299704987833
vn -0.2987681364522200 0.9221666080387844 0.2456549361586507
v -0.3805960663420239 -0.0763209998781388 -0.5409040045620398
vn -0.9383405640214911 0.0166809983550459 0.3453096149916898
v -0.3737770000000000 0.0919770000000000 -0.5420739999999999
vn -0.0050294041436603 0.9999098733879643 0.0124478992293882
v 0.5420739999999999 -0.0763210000000000 -0.4481410000000000
vn 0.0027591328354303 0.9999961847763387 -0.0001327356888512
v 0.7355993231688541 -0.0763210000000000 -0.3235283979247933
vn 0.4710890644841765 0.7444410968112261 0.4731622836849130
v -0.3156571168094514 -0.0740541726442344 -0.1898665260965189
vn 0.0137368677601005 0.9456056690661889 0.3250249484178511
v -0.0591853622734952 -0.0732149830362232 -0.3260509397434119
vn 0.0048687587853553 0.9998439664571536 -0.0169805161027635
v -0.3737770000000000 -0.0763210000000000 -0.5381600000000000
vn 0.7775346513023403 0.6247989606687265 0.0711767150929786
v 0.3747792231677105 -0.0739171077750348 -0.5636217988299297
vn 0.3685966288903014 0.3714445027532644 0.8521534524632789
v 0.3698630000000000 -0.0763210000000000 -0.5381600000000000
vn -0.0123131843266496 0.9988400836137082 0.0465496816132872
v 0.3737770000000000 -0.0763210000000000 -0.5381600000000000
vn 0.0633753901517144 -0.3204765490786807 -0.9451340335707619
v 0.7466078255462196 -0.0500033001506543 -0.5739478300902954
vn -0.4660396810648595 0.0268175314078138 -0.8843573009152776
v 0.6997762069042102 -0.0414727759511353 -0.5294930898980535
vn 0.8898660021821190 -0.3077750692300955 -0.3367684737632412
v -0.6814084138152664 -0.0779167387509889 -0.5052153703015386
vn -0.1114682408908228 0.4500270634603375 0.8860307406777549
v -0.3698630000000000 -0.0763210000000000 -0.5381600000000000
vn 0.0009329874415661 0.7103903573006892 0.7038072675020008
v 0.0097850000000000 -0.0763210000000000 -0.5381600000000000
vn -0.2516952624979122 0.0053266654619654 0.9677918792132755
v -0.3698630000000000 0.0919770000000000 -0.5381600000000000
vn 0.0012879713380606 0.0014343587164322 0.9999981418707261
v 0.0097850000000000 0.0919770000000000 -0.5381600000000000
vn -0.5348673187399432 0.0036456699764183 0.8449281983898792
v -0.3698630000000000 0.4990220000000000 -0.5381600000000000
vn 0.0017502949190144 0.9999751628180795 -0.0068271673959104
v 0.3150680000000000 -0.0763210000000000 -0.4481410000000000
vn 0.5880844796883552 -0.0048363061739848 0.8087850486329899
v 0.3720094158031789 0.0737867620020480 -0.5398547715823276
vn 0.5862845817561132 0.0732162473810683 0.8067897931397580
v 0.3737770000000000 0.4990220000000000 -0.5420739999999999
vn -0.0248553351427696 0.0459883259352961 0.9986327083530808
v 0.2407050000000000 0.2250490000000000 -0.5381600000000000
vn -0.5078385845436586 0.7415188593988334 0.4384629439354556
v 0.3540251383453561 -0.0731948248261452 -0.1381691195362099
vn 0.6442649601661234 0.4335469359976487 0.6300473913835325
v -0.7196263559853263 -0.0406985126916541 -0.4641897018682534
vn -0.8132000465017737 0.4409780034209607 0.3797947931032975
v 0.6630558367802396 -0.0056451827508359 -0.4868966026199609
vn 0.3904167135897358 0.9076248431322813 -0.1542463415413539
v -0.7292389743989564 -0.0292629886802622 -0.4147291780651384
vn -0.8311483602051377 -0.3287385424855916 0.4484678071085588
v -0.8544144776328927 -0.0498319693313502 -0.4381957571495416
vn -0.0020326448505882 0.9999963265555015 -0.0017931063588424
v -0.7295644399137815 -0.0763210000000000 -0.3264583445587616
vn 0.1904471821011280 0.9816971479278958 0.0007619579876288
v 0.9452050000000000 -0.0763210000000000 -0.2211350000000000
vn 0.1579674593022043 0.9874428613918692 0.0016962570099670
v 0.9452050000000000 -0.0763210000000000 0.0058710000000000
vn 0.1956474194187049 -0.9297031406934738 0.3120483255194492
v -0.6990220059284227 -0.0684094909234236 -0.3781665873210197
vn -0.9494923123846489 0.3091476080042435 0.0537782966233294
v 0.6469236094451077 -0.0419688663220706 -0.3654891832251893
vn 0.6723824455574225 -0.7402038470179632 -0.0003343142646198
v 0.8752716111646263 -0.0763246685768236 -0.4722670910708426
vn -0.3809565143147134 0.4733459842621319 0.7942390782277695
v -0.7676533419182883 -0.0392559425689463 -0.3772114114873261
vn 0.9835461270279910 0.1268046492450063 0.1286763262534721
v -0.6137480215279314 -0.0508078601858415 -0.0484228732616106
vn -0.0163063361061698 0.4544486837146542 -0.8906236563626697
v -0.7927072806356122 -0.0352862979164245 -0.0003080700814139
vn 0.1962084772993690 -0.2766259911193265 -0.9407339126836628
v 0.7714798693285315 -0.0462805521449131 -0.0192887771786033
vn -0.5143325095656961 0.2679640886692409 -0.8146516536456034
v -0.7902980074860408 -0.0488632363638567 -0.0261267418684696
vn -0.9542736333642534 0.2195010205277315 -0.2029313545341646
v -0.8453071012934726 -0.0426951599179605 0.0578137164589741
vn 0.2301101847104323 -0.9589603200567353 -0.1656635368728276
v -0.7132304514078710 -0.0768173439570489 -0.0191555598502091
vn -0.0054811568891313 0.9999596886592781 0.0071118194293855
v -0.5857951077674561 -0.0765673196630150 0.3716726431987541
vn -0.8733322298305707 0.4868440888118167 -0.0165423555806132
v 0.7110203024688410 -0.0347756723429024 0.0266497167816441
vn -0.1908776555485737 -0.8093127523052103 -0.5554985054601367
v 0.6874485869275995 -0.0758173389970074 -0.0065607397520066
vn 0.6475627792958342 -0.4998623679602670 -0.5751522059140600
v 0.8338264840190096 -0.0481574746406813 0.0102814054841977
vn -0.1396193740697745 0.3063854603736053 0.9416126486278836
v 0.6972161342417807 -0.0312865434665180 0.1427347924016005
vn -0.6002830893975175 -0.7828716071923515 0.1636223066560197
v -0.8440106590807954 -0.0759784121123623 0.0949551995821280
vn 0.9204427908245597 -0.0791810892225786 0.3827733323112021
v 0.8448433220238539 -0.0421085087226100 0.0798544515394972
vn 0.3948590381591411 -0.6953756731405275 0.6004490096489427
v 0.7973250313001886 -0.0770217749725683 0.1491263832152171
vn 0.0256530465033001 -0.3644675071157602 0.9308626952789133
v -0.7319268535509975 -0.0521488699300438 0.1473915985458973
vn -0.4112744425412084 0.9006777921259609 -0.1401172640452368
v 0.3905103751445183 -0.0733914153589244 0.3124994939420856
vn -0.4018792829124983 0.8478729622393656 -0.3458388090847810
v 0.3363249158657356 -0.0728068479118981 0.4261226787617743
vn 0.3105082425604158 0.8769030812654920 -0.3669136374804403
v -0.3306192951698319 -0.0729466160268210 0.4354998353343692
vn -0.2783545697335509 0.7000347132079155 -0.6576246146642941
v 0.1382286990755905 -0.0726585255027962 0.5622892333818970
vn 0.0509601892768105 0.8540381165963616 -0.5177083682049296
v -0.0359820227594910 -0.0692181480712938 0.5899683656752334
vn -0.0933649019554565 0.8096556403719823 -0.5794313929160924
v 0.0841490000000000 -0.0684930000000000 0.5812130000000000
vn -0.6497473496513100 0.4609933830126558 0.6044116829112797
v 0.6171308732337231 -0.0542642153263894 -0.0288791610851513
vn 0.7545737277419956 -0.6553990250962146 -0.0327201360706211
v -0.6060575041097944 -0.0447438499192139 -0.5074129960733398
vn 0.2160447323090370 0.9733114433665316 0.0773919107741581
v -0.6191744865426486 -0.0100904615111839 -0.4870967560159556
vn -0.8212313252925323 -0.2648887088249400 -0.5053840938289681
v 0.5953383468059896 -0.0544923630955174 -0.5033241639460081
vn 0.2282014129218264 0.9408083419648249 0.2506068211958308
v -0.6298372791959591 -0.0060247897168437 0.0984004856239033
vn -0.9667976217376729 -0.0157686874187003 0.2550562822191815
v 0.5987404825802305 -0.0453951438308745 0.1199907176660622
vn -0.7673558166055328 0.6372444305157895 -0.0713062865269458
v 0.6924082678660961 -0.0165110304531221 0.0871603908323234
vn 0.1628551293688556 -0.3551370038471870 -0.9205193726026064
v 0.6606100931479428 -0.0186318530617605 -0.0544079597529845
vn 0.1014267043010972 0.1834062267860060 0.9777907647501780
v -0.6744333323980229 -0.0336781624905404 0.1422589393269434
vn 0.0713528480567385 0.9246701912870345 -0.3740238072895775
v 0.7158832635115990 -0.0234733479330535 -0.0258933845824139
vn 0.5851225150953848 0.6545689071387299 -0.4787182763752184
v -0.5975898580779277 -0.0495716031174233 0.1201502105045483
vn -0.5807550097088824 0.2758798266091331 -0.7659072659063567
v -0.8325320774445448 -0.0450109434883301 -0.5555746123340417
vn 0.8326945808009898 0.4008018621882080 0.3820701537298203
v 0.8631835385757906 -0.0414051433346747 -0.4704489139102491
vn -0.2216903744512927 -0.0289123308788284 0.9746883886652179
v 0.7655185189634283 0.0898555627363568 -0.4489182368227375
vn -0.3903824473171209 0.8138127653592182 0.4304768608939131
v 0.7456699261174002 -0.0358599824571835 -0.4248935463112544
vn 0.4680920076630309 0.1166626469303241 0.8759450320500730
v 0.7573715423748726 -0.0432401312740112 -0.3663120238758880
vn 0.5620656126417307 0.2754775591618343 0.7798681692978077
v -0.6912664541789668 -0.0218377917345700 0.0124503895838171
vn 0.6265059153117386 0.7477368988286236 -0.2199542411720068
v -0.7342170342201645 -0.0369482984527864 0.0428115512023004
vn -0.1022152680391702 0.8467342690404801 -0.5221045073662594
v -0.6770019399743685 -0.0119596424234157 -0.0374271823780606
vn 0.1798288436893410 0.3397766981291261 -0.9231540404427764
v -0.7605434408190820 0.1062356118016772 -0.5414658246790472
vn 0.4843542324516244 0.3208653982585113 -0.8139080867681588
v -0.7152598241696887 -0.0375050339233679 -0.5322720675982241
vn 0.8385741503512089 -0.0191470509671393 -0.5444509021041382
v -0.7258646988118040 0.0479468681804485 0.0435281552117013
vn -0.4696484482654111 0.3109104391655194 0.8262959723124610
v -0.8082853396918288 -0.0360392804597703 0.1353887049987799
vn 0.9132094208732675 0.4074604190228622 0.0049558609771696
v 0.8396111108250979 0.0655957305777583 0.0694653011359019
vn 0.3217224141831972 0.4905630918584754 -0.8098410591704944
v 0.8386499029481888 0.0925114216076758 -0.5270447413603676
vn 0.0011530703045905 0.9921393187009313 0.1251329002162280
v 0.6765293255142996 0.0044460067920745 -0.3740211466003455
vn 0.5688523675497414 0.5537792702361950 0.6080587996153999
v -0.6284119787247848 -0.0290739755858115 -0.3489677036772730
vn 0.3562517246985495 0.8952760089952424 0.2675174318934371
v -0.7185762344559070 -0.0176358493955897 0.1021941669288559
vn -0.4857633356900265 0.7590200387474149 0.4335003604141194
v -0.8170831895447690 -0.0357850098009000 -0.4217935869043284
vn -0.6914237255270859 0.3672214950315963 -0.6221588264784196
v -0.8175923045765054 0.0644159069381492 0.0155270706333424
vn -0.8741372861730679 0.4738050407878113 -0.1067370050453193
v -0.8434045395245903 0.0814414178273019 -0.5170837718311574
vn 0.9890542740922015 -0.1248138247317914 0.0786965822369047
v -0.7315850565649799 0.0837853159061944 -0.4950082779790407
vn -0.5591976436191012 0.2517596493314596 -0.7898829497712591
v 0.7379185170219933 0.0890504528857905 0.0340201171350946
vn -0.0108316154925648 0.2727882308591293 0.9620131273587527
v 0.7734463469914821 -0.0398089377760014 0.1470177952233934
vn -0.8285109651452615 0.1980392777931070 -0.5237843306984774
v 0.7241572205568475 0.0863233277749702 -0.5095218893123542
vn 0.0518208609892228 0.2200497392338586 0.9741112414038997
v -0.7827178637165007 0.1015408873763905 -0.4397886028538317
vn 0.4331771752965810 0.5348589694767162 0.7254539389736472
v 0.7963064427470034 0.1273290074059068 -0.4555169915750207
vn 0.8050172655251618 0.0346648134788379 0.5922377503274072
v -0.7481742516305132 0.0814334861372306 0.1045083381286706
vn -0.9239974740150221 0.0062884104670109 -0.3823468633422495
v -0.3737770000000000 0.4990220000000000 -0.9412920000000000
vn -0.8001274474051002 0.2932518190598856 -0.5232584815624746
v -0.3737770000000000 0.6790610000000000 -0.9412920000000000
vn -0.3131125470827349 0.0034606818441872 -0.9497097222522971
v -0.3698630000000000 0.4990220000000000 -0.9452050000000000
vn 0.0033205875152865 -0.0004251067348117 -0.9999943964757090
v 0.1519833792471653 0.4261538249410078 -0.9452050000152582
vn 0.0015926332935296 0.3071471561900804 -0.9516607000205162
v 0.0097850000000000 0.6790610000000000 -0.9452050000000000
vn -0.9978161124513225 0.0107061447047869 0.0651796302389785
v -0.3751058651476823 0.5628257458387703 -0.5605455422025678
vn 0.8063368330231231 -0.0006470075757666 -0.5914562478251768
v 0.3694632845163826 0.4503805135719824 -0.9424394070223642
vn 0.6927730348558154 0.1879073046273725 -0.6962444736185264
v 0.3724298127659963 0.6717156574231593 -0.9449501377615850
vn 0.9575312856421128 0.2371589174718492 0.1639801356266768
v 0.3774558804498907 0.6591002527692374 -0.5739142129446790
vn 0.4377217120618644 0.2116499902729944 0.8738443708161493
v -0.2287020261469647 0.2312132918212989 -0.5383803324586258
vn -0.4763418634434857 0.7518434459155628 0.4558836057208020
v -0.7578412007278885 0.1567835812321742 0.0812099932032709
vn -0.5187369212055697 0.2921597124927189 0.8034641927144847
v 0.6399664306464432 0.1804124714436103 -0.4764070039411716
vn -0.4321855601171805 0.9002833405764693 0.0520148854336155
v -0.7415925853145439 0.1693098430236507 -0.4695123512579346
vn 0.4736333667479847 0.6627049993546257 -0.5800806131335149
v 0.7595498859141855 0.1583918520249309 0.0366864308784523
vn 0.1232214274245857 0.7957422167148743 -0.5929677936963742
v 0.7023188504591086 0.1802664391746595 -0.4916133303890993
vn 0.3507779586945378 0.3346020087585887 -0.8746406801817593
v -0.7245432240405000 0.1495009814142724 0.0217719811714671
vn 0.5690478143736942 0.7853054209661825 0.2438851794546944
v -0.6349542189440370 0.1824651064902067 0.0437814038632313
vn -0.5110209204597405 0.7942384960663358 -0.3286986921464163
v 0.6454889310578215 0.1841815623526098 0.0379724997811733
vn 0.9485160132353864 0.0751755213440727 0.3076784256763796
v -0.6396406336609946 0.1816243143007833 -0.4802725115332244
vn -0.0971825085587667 0.5136438498498526 0.8524819971950417
v 0.7302281384371141 0.1583847636824886 0.0835318073889316
vn 0.4126607815279370 -0.4041332678410628 0.8163255362983912
v -0.2301453973605219 0.4993074739331605 -0.5385795729713655
vn -0.0072579459736734 -0.7535471094458533 0.6573538438816970
v 0.0630482025823189 0.4991899485592730 -0.5391508164157043
vn -0.0065968535085865 0.2560397687373844 0.9666437391038608
v 0.0097850000000000 0.6790610000000000 -0.5381600000000000
vn 0.1447586034238291 -0.0503340585671178 0.9881859284987540
v 0.3321105111355339 0.5091703962744261 -0.5328018412234936
vn -0.6282060969315664 -0.4799160021545854 0.6124032418708832
v 0.2328770000000000 0.4990220000000000 -0.5381600000000000
vn -0.9896184424389909 0.1368782312428793 -0.0438142465009590
v 0.2328770000000000 0.2367910000000000 -0.5459880000000000
vn -0.4563430048967481 0.6778173145852413 0.5764674751712006
v 0.2290250588242130 0.2322504739248110 -0.5397941384700461
vn 0.0017334415860966 0.7371547400846664 0.6757217506866089
v -0.0406922135232350 0.2328356571055050 -0.5385051856096933
vn 0.4251462074548675 0.6786573156176774 0.5988947739339114
v 0.3698630000000000 0.6790610000000000 -0.5381600000000000
vn 0.3811425278201593 0.8512491217020013 0.3607011315319522
v -0.2328770000000000 0.2328770000000000 -0.9021530000000000
vn -0.0024305611705805 -0.2474999053935429 0.9688848689099151
v 0.0097850000000000 0.4951080000000000 -0.9060670000000000
vn 0.7135368747602379 0.0583912408237621 0.6981801997711293
v -0.2322670276201248 0.2473546332472927 -0.9064068555589057
vn -0.0380773069007140 0.7416899496368393 0.6696612108423868
v 0.1537705381829217 0.2292123975019442 -0.9016834887080154
vn 0.3922909871990995 -0.6504232857487453 0.6504285746476413
v -0.2326680560565667 0.4943578093641410 -0.9043396904191759
vn -0.5961640344428136 0.5084182211406112 0.6213689374671736
v 0.2371248518055345 0.2429731797038941 -0.9012441441953215
vn -0.6440327055119465 -0.5429614462343062 0.5389014215365487
v 0.2333020240325568 0.4936178523129759 -0.9055090595512105
vn -0.0015721872130030 -0.9662859130911227 0.2574666238350569
v 0.0097850000000000 0.4990220000000000 -0.9021530000000000
vn -0.5435638276118795 -0.8308673001730422 0.1191549193910294
v 0.2306680557353170 0.4984641312687774 -0.5443835064795275
vn -0.1738861521433944 0.7954189524581832 -0.5805792763810044
v -0.3663592601565421 0.6826575998171820 -0.9439904690099031
vn 0.0060236410380620 0.9496645884350533 -0.3132106084108991
v 0.0097850000000000 0.6829750000000000 -0.9412920000000000
vn 0.3323612220070888 0.7580830934856704 -0.5611114340994584
v 0.3698630000000000 0.6829750000000000 -0.9412920000000000
vn 0.6243333533316251 0.7807209082178777 0.0261290525878903
v 0.3698630000000000 0.6829750000000000 -0.6634050000000000
vn -0.6581865936483861 0.7527793012246354 0.0106645013612361
v -0.3698049911543654 0.6808179586539131 -0.6876740456153166
vn 0.1749333901105798 0.9844034615990428 0.0186583444132007
v 0.3423876045726449 0.6869231244831380 -0.5592691635973072
vn -0.5033860376138348 0.4421707292415000 0.7423527081768363
v -0.3707485440414819 0.6759079434151123 -0.5403569577784422
vn -0.0069992488877273 0.9238544450001301 0.3826799902902018
v 0.0097850000000000 0.6829750000000000 -0.5420739999999999
vn -0.4355581957663961 -0.8784686288637761 0.1964228250558450
v 0.6995148997109447 -0.0764872963579129 0.1074381970270266
vn -0.4445792058715535 -0.8837934381307943 0.1458029095168147
v 0.6935470375631435 -0.0774641820972092 -0.4766717974861995
vn -0.1274980824872991 -0.7973364192270810 -0.5899142933818425
v -0.8013496136846154 -0.0764005760124539 -0.5733375611500129
# 413 vertices, 0 vertices normals


usemtl material_0
vt 0.5039062500000000 0.5530694723129272
vt 0.5039062500000000 0.5094305276870728
vt 0.5257257223129272 0.5312500000000000
f 19/1/19 1/2/1 18/3/18
vt 0.5530694723129272 0.5585937500000000
vt 0.5094305276870728 0.5585937500000000
vt 0.5312500000000000 0.5367742776870728
f 19/4/19 87/5/87 2/6/2
vt 0.5664062500000000 0.5719305276870728
vt 0.5882257223129272 0.5937500000000000
vt 0.5664062500000000 0.6155694723129272
f 19/7/19 2/8/2 88/9/88
vt 0.6835937500000000 0.8030694723129272
vt 0.6344305276870728 0.7539062500000000
vt 0.6835937500000000 0.7539062500000000
f 19/10/19 88/11/88 3/12/3
vt 0.6914062500000000 0.7539062500000000
vt 0.7405694723129272 0.7539062500000000
vt 0.6914062500000000 0.8030694723129272
f 5/13/5 4/14/4 6/15/6
vt 0.5937500000000000 0.5992742776870728
vt 0.6155694723129272 0.6210937500000000
vt 0.5719305276870728 0.6210937500000000
f 5/16/5 6/17/6 7/18/7
vt 0.0273437500000000 0.1289062500000000
vt 0.0273437481373549 0.1468194723129272
vt 0.0094305220991373 0.1289062500000000
f 5/19/5 7/20/7 8/21/8
vt 0.0351562500000000 0.1468194723129272
vt 0.0351562500000000 0.1289062500000000
vt 0.0530694797635078 0.1289062500000000
f 5/22/5 8/23/8 9/24/9
vt 0.7718194723129272 0.2773437500000000
vt 0.7539062500000000 0.2773437500000000
vt 0.7539062500000000 0.2594305276870728
f 5/25/5 9/26/9 4/27/4
vt 0.7539062500000000 0.8655694723129272
vt 0.7539062500000000 0.8164062500000000
vt 0.8030694723129272 0.8164062500000000
f 9/28/9 8/29/8 21/30/21
vt 0.7539062500000000 0.8085937500000000
vt 0.7539062500000000 0.7594305276870728
vt 0.8030694723129272 0.8085937500000000
f 9/31/9 21/32/21 3/33/3
vt 0.0898437500000000 0.1468194723129272
vt 0.0719305202364922 0.1289062500000000
vt 0.0898437500000000 0.1289062500000000
f 9/34/9 3/35/3 4/36/4
vt 0.5312500000000000 0.5992742776870728
vt 0.5530694723129272 0.6210937500000000
vt 0.5094305276870728 0.6210937500000000
f 4/37/4 3/38/3 117/39/117
vt 0.8655694723129272 0.8710937500000000
vt 0.8164062500000000 0.8710937500000000
vt 0.8164062500000000 0.8219305276870728
f 4/40/4 117/41/117 6/42/6
vt 0.8030694723129272 0.3085937500000000
vt 0.7851562500000000 0.3085937500000000
vt 0.7851562500000000 0.2906805276870728
f 10/43/10 12/44/12 7/45/7
vt 0.8085937500000000 0.8219305276870728
vt 0.8085937500000000 0.8710937500000000
vt 0.7594305276870728 0.8710937500000000
f 12/46/12 10/47/10 17/48/17
vt 0.3180242776870728 0.9375000000000000
vt 0.3710937500000000 0.8844305276870728
vt 0.3710937500000000 0.9905694723129272
f 12/49/12 17/50/17 21/51/21
vt 0.8219305276870728 0.8085937500000000
vt 0.8710937500000000 0.7594305276870728
vt 0.8710937500000000 0.8085937500000000
f 12/52/12 21/53/21 8/54/8
vt 0.7594305276870728 0.3085937500000000
vt 0.7773437500000000 0.2906805276870728
vt 0.7773437500000000 0.3085937500000000
f 12/55/12 8/56/8 7/57/7
vt 0.8710937500000000 0.8655694723129272
vt 0.8219305276870728 0.8164062500000000
vt 0.8710937500000000 0.8164062500000000
f 7/58/7 6/59/6 13/60/13
vt 0.5585937500000000 0.6155694723129272
vt 0.5367742776870728 0.5937500000000000
vt 0.5585937500000000 0.5719305276870728
f 7/61/7 13/62/13 89/63/89
vt 0.8085937500000000 0.8030694723129272
vt 0.7594305276870728 0.7539062500000000
vt 0.8085937500000000 0.7539062500000000
f 7/64/7 89/65/89 10/66/10
vt 0.8164062500000000 0.8030694723129272
vt 0.8164062500000000 0.7539062500000000
vt 0.8655694723129272 0.7539062500000000
f 14/67/14 15/68/15 16/69/16
vt 0.6155694723129272 0.5585937500000000
vt 0.5719305276870728 0.5585937500000000
vt 0.5937500000000000 0.5367742776870728
f 14/70/14 16/71/16 11/72/11
vt 0.8789062500000000 0.8164062500000000
vt 0.9280694723129272 0.8164062500000000
vt 0.8789062500000000 0.8655694723129272
f 16/73/16 17/74/17 10/75/10
vt 0.8789062500000000 0.7594305276870728
vt 0.9280694723129272 0.8085937500000000
vt 0.8789062500000000 0.8085937500000000
f 16/76/16 10/77/10 11/78/11
vt 0.6210937500000000 0.5530694723129272
vt 0.5992742776870728 0.5312500000000000
vt 0.6210937500000000 0.5094305276870728
f 22/79/22 11/80/11 150/81/150
vt 0.9905694723129272 0.8710937500000000
vt 0.9414062500000000 0.8710937500000000
vt 0.9414062500000000 0.8219305276870728
f 22/82/22 150/83/150 151/84/151
vt 0.8164062500000000 0.3655694723129272
vt 0.8164062500000000 0.3476562500000000
vt 0.8343194723129272 0.3476562500000000
f 22/85/22 14/86/14 11/87/11
vt 0.9335937500000000 0.8219305276870728
vt 0.9335937500000000 0.8710937500000000
vt 0.8844305276870728 0.8710937500000000
f 19/88/19 18/89/18 20/90/20
vt 0.9960937500000000 0.7594305276870728
vt 0.9960937500000000 0.8085937500000000
vt 0.9469305276870728 0.8085937500000000
f 19/91/19 20/92/20 87/93/87
vt 0.3655694723129272 0.8789062500000000
vt 0.3125000000000000 0.9319757223129272
vt 0.2594305276870728 0.8789062500000000
f 1/94/1 19/95/19 3/96/3
vt 0.3789062500000000 0.8844305276870728
vt 0.4319757223129272 0.9375000000000000
vt 0.3789062500000000 0.9905694723129272
f 1/97/1 3/98/3 21/99/21
vt 0.9960937500000000 0.8655694723129272
vt 0.9469305276870728 0.8164062500000000
vt 0.9960937500000000 0.8164062500000000
f 22/100/22 151/101/151 23/102/23
vt 0.6210937500000000 0.6155694723129272
vt 0.5992742776870728 0.5937500000000000
vt 0.6210937500000000 0.5719305276870728
f 22/103/22 23/104/23 120/105/120
vt 0.9335937500000000 0.8030694723129272
vt 0.8844305276870728 0.7539062500000000
vt 0.9335937500000000 0.7539062500000000
f 22/106/22 120/107/120 26/108/26
vt 0.8164062500000000 0.3219305276870728
vt 0.8343194723129272 0.3398437500000000
vt 0.8164062500000000 0.3398437500000000
f 22/109/22 26/110/26 15/111/15
vt 0.4726562500000000 0.2906805276870728
vt 0.4905694723129272 0.3085937500000000
vt 0.4726562500000000 0.3085937500000000
f 22/112/22 15/113/15 14/114/14
vt 0.9414062500000000 0.7539062500000000
vt 0.9905694723129272 0.7539062500000000
vt 0.9414062500000000 0.8030694723129272
f 1/115/1 32/116/32 18/117/18
vt 0.3844305276870728 0.9960937500000000
vt 0.4375000000000000 0.9430242776870728
vt 0.4905694723129272 0.9960937500000000
f 21/118/21 24/119/24 1/120/1
vt 0.0039062500000000 0.6914062500000000
vt 0.0530694797635078 0.6914062500000000
vt 0.0039062500000000 0.7405694723129272
f 17/121/17 16/122/16 35/123/35
vt 0.5719305276870728 0.5664062500000000
vt 0.6155694723129272 0.5664062500000000
vt 0.5937500000000000 0.5882257223129272
f 25/124/25 16/125/16 15/126/15
vt 0.3398437500000000 0.2093194723129272
vt 0.3219305276870728 0.1914062500000000
vt 0.3398437500000000 0.1914062500000000
f 25/127/25 15/128/15 26/129/26
vt 0.8476562500000000 0.3710937500000000
vt 0.8476562500000000 0.3531805276870728
vt 0.8655694723129272 0.3710937500000000
f 25/130/25 26/131/26 29/132/29
vt 0.1155694797635078 0.1289062500000000
vt 0.0976562500000000 0.1468194723129272
vt 0.0976562500000000 0.1289062500000000
f 25/133/25 29/134/29 27/135/27
vt 0.5585937500000000 0.5530694723129272
vt 0.5367742776870728 0.5312500000000000
vt 0.5585937500000000 0.5094305276870728
f 25/136/25 27/137/27 28/138/28
vt 0.0039062500000000 0.6835937500000000
vt 0.0039062500000000 0.6344305276870728
vt 0.0530694797635078 0.6835937500000000
f 25/139/25 28/140/28 16/141/16
vt 0.0664062500000000 0.7460937500000000
vt 0.0664062500000000 0.6969305276870728
vt 0.1155694797635078 0.7460937500000000
f 32/142/32 1/143/1 30/144/30
vt 0.5530694723129272 0.5039062500000000
vt 0.5312500000000000 0.5257257223129272
vt 0.5094305276870728 0.5039062500000000
f 32/145/32 30/146/30 31/147/31
vt 0.6155694723129272 0.5039062500000000
vt 0.5937500000000000 0.5257257223129272
vt 0.5719305276870728 0.5039062500000000
f 33/148/33 97/149/97 91/150/91
vt 0.0094305220991373 0.7460937500000000
vt 0.0585937500000000 0.6969305276870728
vt 0.0585937500000000 0.7460937500000000
f 33/151/33 91/152/91 18/153/18
vt 0.4648437500000000 0.3085937500000000
vt 0.4469305276870728 0.3085937500000000
vt 0.4648437500000000 0.2906805276870728
f 33/154/33 18/155/18 32/156/32
vt 0.4960937500000000 0.8844305276870728
vt 0.4960937500000000 0.9905694723129272
vt 0.4430242776870728 0.9375000000000000
f 17/157/17 24/158/24 21/159/21
vt 0.1155694797635078 0.9960937500000000
vt 0.0039062500000000 0.9960937500000000
vt 0.0039062500000000 0.8844305276870728
f 17/160/17 35/161/35 24/162/24
vt 0.1210937500000000 0.6344305276870728
vt 0.1210937500000000 0.6835937500000000
vt 0.0719305276870728 0.6835937500000000
f 16/163/16 28/164/28 46/165/46
vt 0.0094305220991373 0.8789062500000000
vt 0.1210937500000000 0.8789062500000000
vt 0.1210937500000000 0.9905694723129272
f 16/166/16 46/167/46 35/168/35
vt 0.8219305276870728 0.3710937500000000
vt 0.8398437500000000 0.3531805276870728
vt 0.8398437500000000 0.3710937500000000
f 31/169/31 33/170/33 32/171/32
vt 0.3844305276870728 0.8789062500000000
vt 0.4905694723129272 0.8789062500000000
vt 0.4375000000000000 0.9319757223129272
f 34/172/34 1/173/1 24/174/24
vt 0.5039062500000000 0.8844305276870728
vt 0.5569757223129272 0.9375000000000000
vt 0.5039062500000000 0.9905694723129272
f 34/175/34 24/176/24 35/177/35
vt 0.1210937500000000 0.7405694723129272
vt 0.0719305276870728 0.6914062500000000
vt 0.1210937500000000 0.6914062500000000
f 34/178/34 35/179/35 58/180/58
vt 0.7851562500000000 0.3531805276870728
vt 0.8030694723129272 0.3710937500000000
vt 0.7851562500000000 0.3710937500000000
f 34/181/34 58/182/58 49/183/49
vt 0.3655694723129272 0.1914062500000000
vt 0.3476562500000000 0.2093194723129272
vt 0.3476562500000000 0.1914062500000000
f 34/184/34 49/185/49 48/186/48
vt 0.4593194723129272 0.1601562500000000
vt 0.4414062500000000 0.1780694723129272
vt 0.4414062500000000 0.1601562500000000
f 34/187/34 48/188/48 42/189/42
vt 0.0664062500000000 0.1780694723129272
vt 0.0664062500000000 0.1601562500000000
vt 0.0843194723129272 0.1601562500000000
f 34/190/34 42/191/42 30/192/30
vt 0.0094305220991373 0.6289062500000000
vt 0.0585937500000000 0.6289062500000000
vt 0.0585937500000000 0.6780694723129272
f 34/193/34 30/194/30 1/195/1
vt 0.1289062500000000 0.8844305276870728
vt 0.2405694723129272 0.9960937500000000
vt 0.1289062500000000 0.9960937500000000
f 35/196/35 46/197/46 36/198/36
vt 0.5625000000000000 0.9430242776870728
vt 0.6155694723129272 0.9960937500000000
vt 0.5094305276870728 0.9960937500000000
f 35/199/35 36/200/36 58/201/58
vt 0.5664062500000000 0.5530694723129272
vt 0.5664062500000000 0.5094305276870728
vt 0.5882257223129272 0.5312500000000000
f 62/202/62 28/203/28 27/204/27
vt 0.7594305276870728 0.3710937500000000
vt 0.7773437500000000 0.3531805276870728
vt 0.7773437500000000 0.3710937500000000
f 62/205/62 27/206/27 37/207/37
vt 0.0406805202364922 0.3476562500000000
vt 0.0585937500000000 0.3476562500000000
vt 0.0585937500000000 0.3655694723129272
f 62/208/62 45/209/45 38/210/38
vt 0.6780694723129272 0.5664062500000000
vt 0.6562500000000000 0.5882257223129272
vt 0.6344305276870728 0.5664062500000000
f 62/211/62 38/212/38 28/213/28
vt 0.5406805276870728 0.4023437500000000
vt 0.5585937500000000 0.3844305276870728
vt 0.5585937500000000 0.4023437500000000
f 46/214/46 28/215/28 38/216/38
vt 0.0843194723129272 0.1523437500000000
vt 0.0664062500000000 0.1523437500000000
vt 0.0664062500000000 0.1344305276870728
f 29/217/29 39/218/39 37/219/37
vt 0.1523437500000000 0.1914062500000000
vt 0.1523437500000000 0.2093194723129272
vt 0.1344305276870728 0.1914062500000000
f 29/220/29 37/221/37 27/222/27
vt 0.5351562500000000 0.1914062500000000
vt 0.5530694723129272 0.1914062500000000
vt 0.5351562500000000 0.2093194723129272
f 40/223/40 41/224/41 30/225/30
vt 0.3085937500000000 0.1344305276870728
vt 0.3085937500000000 0.1523437500000000
vt 0.2906805276870728 0.1523437500000000
f 42/226/42 40/227/40 30/228/30
vt 0.5039062500000000 0.2226562500000000
vt 0.5218194723129272 0.2226562500000000
vt 0.5039062500000000 0.2405694723129272
f 43/229/43 41/230/41 44/231/44
vt 0.1601562500000000 0.1914062500000000
vt 0.1780694723129272 0.1914062500000000
vt 0.1601562500000000 0.2093194723129272
f 43/232/43 44/233/44 31/234/31
vt 0.0976562500000000 0.3085937500000000
vt 0.0976562500000000 0.2906805276870728
vt 0.1155694797635078 0.3085937500000000
f 43/235/43 31/236/31 30/237/30
vt 0.0664062500000000 0.6780694723129272
vt 0.0664062500000000 0.6289062500000000
vt 0.1155694797635078 0.6289062500000000
f 48/238/48 49/239/49 210/240/210
vt 0.5585937500000000 0.4280694723129272
vt 0.5406805276870728 0.4101562500000000
vt 0.5585937500000000 0.4101562500000000
f 48/241/48 210/242/210 50/243/50
vt 0.7906805276870728 0.3398437500000000
vt 0.8085937500000000 0.3219305276870728
vt 0.8085937500000000 0.3398437500000000
f 48/244/48 50/245/50 51/246/51
vt 0.5039062500000000 0.1969305276870728
vt 0.5218194723129272 0.2148437500000000
vt 0.5039062500000000 0.2148437500000000
f 42/247/42 48/248/48 51/249/51
vt 0.7906805276870728 0.3476562500000000
vt 0.8085937500000000 0.3476562500000000
vt 0.8085937500000000 0.3655694723129272
f 42/250/42 51/251/51 52/252/52
vt 0.8476562500000000 0.2906805276870728
vt 0.8655694723129272 0.3085937500000000
vt 0.8476562500000000 0.3085937500000000
f 42/253/42 52/254/52 53/255/53
vt 0.6507257223129272 0.5937500000000000
vt 0.6289062500000000 0.6155694723129272
vt 0.6289062500000000 0.5719305276870728
f 42/256/42 53/257/53 40/258/40
vt 0.1289062500000000 0.6914062500000000
vt 0.1780694723129272 0.6914062500000000
vt 0.1289062500000000 0.7405694723129272
f 46/259/46 47/260/47 54/261/54
vt 0.4960937500000000 0.1969305276870728
vt 0.4960937500000000 0.2148437500000000
vt 0.4781805276870728 0.2148437500000000
f 44/262/44 41/263/41 40/264/40
vt 0.6289062500000000 0.5094305276870728
vt 0.6507257223129272 0.5312500000000000
vt 0.6289062500000000 0.5530694723129272
f 44/265/44 40/266/40 55/267/55
vt 0.6780694723129272 0.5585937500000000
vt 0.6344305276870728 0.5585937500000000
vt 0.6562500000000000 0.5367742776870728
f 44/268/44 55/269/55 61/270/61
vt 0.8398437500000000 0.3085937500000000
vt 0.8219305276870728 0.3085937500000000
vt 0.8398437500000000 0.2906805276870728
f 54/271/54 56/272/56 46/273/46
vt 0.1289062500000000 0.6344305276870728
vt 0.1780694723129272 0.6835937500000000
vt 0.1289062500000000 0.6835937500000000
f 54/274/54 47/275/47 57/276/57
vt 0.6914062500000000 0.6155694723129272
vt 0.6914062500000000 0.5719305276870728
vt 0.7132257223129272 0.5937500000000000
f 58/277/58 75/278/75 67/279/67
vt 0.1914062500000000 0.6969305276870728
vt 0.2405694723129272 0.7460937500000000
vt 0.1914062500000000 0.7460937500000000
f 36/280/36 69/281/69 59/282/59
vt 0.1835937500000000 0.7460937500000000
vt 0.1344305276870728 0.7460937500000000
vt 0.1835937500000000 0.6969305276870728
f 56/283/56 60/284/60 36/285/36
vt 0.2460937500000000 0.6835937500000000
vt 0.1969305276870728 0.6835937500000000
vt 0.2460937500000000 0.6344305276870728
f 56/286/56 36/287/36 46/288/46
vt 0.6969305276870728 0.6210937500000000
vt 0.7187500000000000 0.5992742776870728
vt 0.7405694723129272 0.6210937500000000
f 39/289/39 29/290/29 92/291/92
vt 0.6780694723129272 0.6210937500000000
vt 0.6344305276870728 0.6210937500000000
vt 0.6562500000000000 0.5992742776870728
f 39/292/39 92/293/92 64/294/64
vt 0.3085937500000000 0.1601562500000000
vt 0.3085937500000000 0.1780694723129272
vt 0.2906805276870728 0.1601562500000000
f 39/295/39 64/296/64 37/297/37
vt 0.1969305276870728 0.6914062500000000
vt 0.2460937500000000 0.6914062500000000
vt 0.2460937500000000 0.7405694723129272
f 31/298/31 44/299/44 61/300/61
vt 0.6835937500000000 0.6155694723129272
vt 0.6617742776870728 0.5937500000000000
vt 0.6835937500000000 0.5719305276870728
f 45/301/45 62/302/62 63/303/63
vt 0.1344305276870728 0.6289062500000000
vt 0.1835937500000000 0.6289062500000000
vt 0.1835937500000000 0.6780694723129272
f 45/304/45 63/305/63 101/306/101
vt 0.1289062500000000 0.2405694723129272
vt 0.1289062500000000 0.2226562500000000
vt 0.1468194723129272 0.2226562500000000
f 62/307/62 37/308/37 64/309/64
vt 0.1468194723129272 0.2148437500000000
vt 0.1289062500000000 0.2148437500000000
vt 0.1289062500000000 0.1969305276870728
f 62/310/62 64/311/64 63/312/63
vt 0.5273437500000000 0.3789062500000000
vt 0.5273437500000000 0.3968194723129272
vt 0.5094305276870728 0.3789062500000000
f 49/313/49 58/314/58 65/315/65
vt 0.6969305276870728 0.5585937500000000
vt 0.7187500000000000 0.5367742776870728
vt 0.7405694723129272 0.5585937500000000
f 49/316/49 65/317/65 210/318/210
vt 0.8531805276870728 0.2773437500000000
vt 0.8710937500000000 0.2594305276870728
vt 0.8710937500000000 0.2773437500000000
f 67/319/67 75/320/75 76/321/76
vt 0.5218194723129272 0.1601562500000000
vt 0.5039062500000000 0.1780694723129272
vt 0.5039062500000000 0.1601562500000000
f 67/322/67 76/323/76 66/324/66
vt 0.6210937500000000 0.9905694723129272
vt 0.5680242776870728 0.9375000000000000
vt 0.6210937500000000 0.8844305276870728
f 69/325/69 36/326/36 60/327/60
vt 0.5530694723129272 0.3789062500000000
vt 0.5351562500000000 0.3968194723129272
vt 0.5351562500000000 0.3789062500000000
f 69/328/69 60/329/60 68/330/68
vt 0.4593194723129272 0.1523437500000000
vt 0.4414062500000000 0.1523437500000000
vt 0.4414062500000000 0.1344305276870728
f 69/331/69 68/332/68 73/333/73
vt 0.8710937500000000 0.3030694723129272
vt 0.8531805276870728 0.2851562500000000
vt 0.8710937500000000 0.2851562500000000
f 69/334/69 70/335/70 59/336/59
vt 0.2594305276870728 0.1289062500000000
vt 0.2773437500000000 0.1289062500000000
vt 0.2773437500000000 0.1468194723129272
f 71/337/71 72/338/72 73/339/73
vt 0.8531805276870728 0.3398437500000000
vt 0.8710937500000000 0.3219305276870728
vt 0.8710937500000000 0.3398437500000000
f 71/340/71 73/341/73 68/342/68
vt 0.0898437500000000 0.3085937500000000
vt 0.0719305276870728 0.3085937500000000
vt 0.0898437500000000 0.2906805276870728
f 71/343/71 68/344/68 60/345/60
vt 0.1914062500000000 0.6780694723129272
vt 0.1914062500000000 0.6289062500000000
vt 0.2405694723129272 0.6289062500000000
f 60/346/60 56/347/56 220/348/220
vt 0.3030694723129272 0.6914062500000000
vt 0.2539062500000000 0.7405694723129272
vt 0.2539062500000000 0.6914062500000000
f 60/349/60 220/350/220 74/351/74
vt 0.4781805276870728 0.2773437500000000
vt 0.4960937500000000 0.2594305276870728
vt 0.4960937500000000 0.2773437500000000
f 60/352/60 74/353/74 71/354/71
vt 0.2539062500000000 0.6344305276870728
vt 0.3030694723129272 0.6835937500000000
vt 0.2539062500000000 0.6835937500000000
f 76/355/76 75/356/75 178/357/178
vt 0.3655694723129272 0.7460937500000000
vt 0.3164062500000000 0.7460937500000000
vt 0.3164062500000000 0.6969305276870728
f 76/358/76 178/359/178 77/360/77
vt 0.1468194723129272 0.1601562500000000
vt 0.1289062500000000 0.1780694723129272
vt 0.1289062500000000 0.1601562500000000
f 76/361/76 77/362/77 66/363/66
vt 0.7460937500000000 0.5530694723129272
vt 0.7242742776870728 0.5312500000000000
vt 0.7460937500000000 0.5094305276870728
f 79/364/79 75/365/75 58/366/58
vt 0.2460937500000000 0.8789062500000000
vt 0.2460937500000000 0.9905694723129272
vt 0.1344305276870728 0.8789062500000000
f 79/367/79 58/368/58 36/369/36
vt 0.2594305276870728 0.7460937500000000
vt 0.3085937500000000 0.6969305276870728
vt 0.3085937500000000 0.7460937500000000
f 79/370/79 36/371/36 59/372/59
vt 0.1031805276870728 0.2773437500000000
vt 0.1210937500000000 0.2594305276870728
vt 0.1210937500000000 0.2773437500000000
f 79/373/79 59/374/59 80/375/80
vt 0.8710937500000000 0.3476562500000000
vt 0.8710937500000000 0.3655694723129272
vt 0.8531805276870728 0.3476562500000000
f 70/376/70 69/377/69 78/378/78
vt 0.8398437500000000 0.3164062500000000
vt 0.8398437500000000 0.3343194723129272
vt 0.8219305276870728 0.3164062500000000
f 70/379/70 78/380/78 80/381/80
vt 0.8476562500000000 0.3164062500000000
vt 0.8655694723129272 0.3164062500000000
vt 0.8476562500000000 0.3343194723129272
f 70/382/70 80/383/80 59/384/59
vt 0.1031805276870728 0.2851562500000000
vt 0.1210937500000000 0.2851562500000000
vt 0.1210937500000000 0.3030694723129272
f 79/385/79 80/386/80 83/387/83
vt 0.7460937500000000 0.5719305276870728
vt 0.7460937500000000 0.6155694723129272
vt 0.7242742776870728 0.5937500000000000
f 79/388/79 83/389/83 112/390/112
vt 0.7187500000000000 0.5882257223129272
vt 0.6969305276870728 0.5664062500000000
vt 0.7405694723129272 0.5664062500000000
f 79/391/79 112/392/112 75/393/75
vt 0.5094305276870728 0.8789062500000000
vt 0.6155694723129272 0.8789062500000000
vt 0.5625000000000000 0.9319757223129272
f 73/394/73 72/395/72 81/396/81
vt 0.3219305276870728 0.6835937500000000
vt 0.3710937500000000 0.6344305276870728
vt 0.3710937500000000 0.6835937500000000
f 73/397/73 81/398/81 82/399/82
vt 0.6835937500000000 0.5530694723129272
vt 0.6617742776870728 0.5312500000000000
vt 0.6835937500000000 0.5094305276870728
f 73/400/73 82/401/82 85/402/85
vt 0.3710937500000000 0.7405694723129272
vt 0.3219305276870728 0.6914062500000000
vt 0.3710937500000000 0.6914062500000000
f 80/403/80 78/404/78 132/405/132
vt 0.2594305276870728 0.6289062500000000
vt 0.3085937500000000 0.6289062500000000
vt 0.3085937500000000 0.6780694723129272
f 80/406/80 132/407/132 83/408/83
vt 0.5273437500000000 0.1914062500000000
vt 0.5273437500000000 0.2093194723129272
vt 0.5094305276870728 0.1914062500000000
f 84/409/84 69/410/69 73/411/73
vt 0.4960937500000000 0.2851562500000000
vt 0.4960937500000000 0.3030694723129272
vt 0.4781805276870728 0.2851562500000000
f 84/412/84 73/413/73 85/414/85
vt 0.3655694723129272 0.6289062500000000
vt 0.3164062500000000 0.6780694723129272
vt 0.3164062500000000 0.6289062500000000
f 84/415/84 85/416/85 86/417/86
vt 0.3789062500000000 0.7405694723129272
vt 0.3789062500000000 0.6914062500000000
vt 0.4280694723129272 0.6914062500000000
f 84/418/84 86/419/86 78/420/78
vt 0.7906805276870728 0.2773437500000000
vt 0.8085937500000000 0.2594305276870728
vt 0.8085937500000000 0.2773437500000000
f 84/421/84 78/422/78 69/423/69
vt 0.6344305276870728 0.5039062500000000
vt 0.6780694723129272 0.5039062500000000
vt 0.6562500000000000 0.5257257223129272
f 87/424/87 20/425/20 214/426/214
vt 0.7187500000000000 0.5257257223129272
vt 0.6969305276870728 0.5039062500000000
vt 0.7405694723129272 0.5039062500000000
f 88/427/88 185/428/185 117/429/117
vt 0.7132257223129272 0.5312500000000000
vt 0.6914062500000000 0.5530694723129272
vt 0.6914062500000000 0.5094305276870728
f 88/430/88 117/431/117 3/432/3
vt 0.8030694723129272 0.5664062500000000
vt 0.7812500000000000 0.5882257223129272
vt 0.7594305276870728 0.5664062500000000
f 89/433/89 150/434/150 11/435/11
vt 0.3789062500000000 0.6344305276870728
vt 0.4280694723129272 0.6835937500000000
vt 0.3789062500000000 0.6835937500000000
f 89/436/89 11/437/11 10/438/10
vt 0.7539062500000000 0.6155694723129272
vt 0.7539062500000000 0.5719305276870728
vt 0.7757257223129272 0.5937500000000000
f 150/439/150 90/440/90 151/441/151
vt 0.1289062500000000 0.1344305276870728
vt 0.1468194723129272 0.1523437500000000
vt 0.1289062500000000 0.1523437500000000
f 20/442/20 18/443/18 91/444/91
vt 0.1210937500000000 0.3219305276870728
vt 0.1210937500000000 0.3398437500000000
vt 0.1031805276870728 0.3398437500000000
f 20/445/20 188/446/188 214/447/214
vt 0.4905694723129272 0.7460937500000000
vt 0.4414062500000000 0.7460937500000000
vt 0.4414062500000000 0.6969305276870728
f 92/448/92 29/449/29 26/450/26
vt 0.7539062500000000 0.5530694723129272
vt 0.7539062500000000 0.5094305276870728
vt 0.7757257223129272 0.5312500000000000
f 92/451/92 26/452/26 120/453/120
vt 0.1601562500000000 0.1835937500000000
vt 0.1601562500000000 0.1656805276870728
vt 0.1780694723129272 0.1835937500000000
f 92/454/92 120/455/120 133/456/133
vt 0.3844305276870728 0.7460937500000000
vt 0.4335937500000000 0.6969305276870728
vt 0.4335937500000000 0.7460937500000000
f 93/457/93 33/458/33 31/459/31
vt 0.5898437500000000 0.3789062500000000
vt 0.5898437500000000 0.3968194723129272
vt 0.5719305276870728 0.3789062500000000
f 93/460/93 94/461/94 95/462/95
vt 0.8085937500000000 0.3030694723129272
vt 0.7906805276870728 0.2851562500000000
vt 0.8085937500000000 0.2851562500000000
f 93/463/93 95/464/95 96/465/96
vt 0.7594305276870728 0.5585937500000000
vt 0.7812500000000000 0.5367742776870728
vt 0.8030694723129272 0.5585937500000000
f 93/466/93 96/467/96 33/468/33
vt 0.7594305276870728 0.2539062500000000
vt 0.7773437500000000 0.2539062500000000
vt 0.7773437500000000 0.2718194723129272
f 96/469/96 95/470/95 97/471/97
vt 0.8382257223129272 0.5937500000000000
vt 0.8164062500000000 0.6155694723129272
vt 0.8164062500000000 0.5719305276870728
f 96/472/96 97/473/97 33/474/33
vt 0.8437500000000000 0.5992742776870728
vt 0.8655694723129272 0.6210937500000000
vt 0.8219305276870728 0.6210937500000000
f 98/475/98 40/476/40 53/477/53
vt 0.1344305276870728 0.1835937500000000
vt 0.1523437500000000 0.1656805276870728
vt 0.1523437500000000 0.1835937500000000
f 98/478/98 53/479/53 55/480/55
vt 0.7851562500000000 0.2539062500000000
vt 0.8030694723129272 0.2539062500000000
vt 0.7851562500000000 0.2718194723129272
f 98/481/98 55/482/55 40/483/40
vt 0.8030694723129272 0.6210937500000000
vt 0.7594305276870728 0.6210937500000000
vt 0.7812500000000000 0.5992742776870728
f 99/484/99 46/485/46 38/486/38
vt 0.8398437500000000 0.2539062500000000
vt 0.8398437500000000 0.2718194723129272
vt 0.8219305276870728 0.2539062500000000
f 99/487/99 38/488/38 100/489/100
vt 0.2851562500000000 0.1468194723129272
vt 0.2851562500000000 0.1289062500000000
vt 0.3030694723129272 0.1289062500000000
f 99/490/99 100/491/100 47/492/47
vt 0.8085937500000000 0.6155694723129272
vt 0.7867742776870728 0.5937500000000000
vt 0.8085937500000000 0.5719305276870728
f 99/493/99 47/494/47 46/495/46
vt 0.5976562500000000 0.3968194723129272
vt 0.5976562500000000 0.3789062500000000
vt 0.6155694723129272 0.3789062500000000
f 100/496/100 38/497/38 45/498/45
vt 0.5843194723129272 0.4101562500000000
vt 0.5664062500000000 0.4280694723129272
vt 0.5664062500000000 0.4101562500000000
f 100/499/100 45/500/45 101/501/101
vt 0.3398437500000000 0.1289062500000000
vt 0.3398437500000000 0.1468194723129272
vt 0.3219305276870728 0.1289062500000000
f 50/502/50 210/503/210 52/504/52
vt 0.8476562500000000 0.2539062500000000
vt 0.8655694723129272 0.2539062500000000
vt 0.8476562500000000 0.2718194723129272
f 50/505/50 52/506/52 51/507/51
vt 0.3476562500000000 0.1468194723129272
vt 0.3476562500000000 0.1289062500000000
vt 0.3655694723129272 0.1289062500000000
f 101/508/101 176/509/176 100/510/100
vt 0.8437500000000000 0.5367742776870728
vt 0.8655694723129272 0.5585937500000000
vt 0.8219305276870728 0.5585937500000000
f 93/511/93 31/512/31 61/513/61
vt 0.5664062500000000 0.3844305276870728
vt 0.5843194723129272 0.4023437500000000
vt 0.5664062500000000 0.4023437500000000
f 93/514/93 61/515/61 94/516/94
vt 0.8343194723129272 0.2851562500000000
vt 0.8164062500000000 0.3030694723129272
vt 0.8164062500000000 0.2851562500000000
f 64/517/64 92/518/92 102/519/102
vt 0.8492742776870728 0.5312500000000000
vt 0.8710937500000000 0.5094305276870728
vt 0.8710937500000000 0.5530694723129272
f 64/520/64 102/521/102 172/522/172
vt 0.6344305276870728 0.4414062500000000
vt 0.6523437500000000 0.4414062500000000
vt 0.6523437500000000 0.4593194723129272
f 210/523/210 65/524/65 103/525/103
vt 0.4781805276870728 0.3398437500000000
vt 0.4960937500000000 0.3219305276870728
vt 0.4960937500000000 0.3398437500000000
f 104/526/104 54/527/54 57/528/57
vt 0.4781805276870728 0.2226562500000000
vt 0.4960937500000000 0.2226562500000000
vt 0.4960937500000000 0.2405694723129272
f 104/529/104 57/530/57 233/531/233
vt 0.1031805276870728 0.3476562500000000
vt 0.1210937500000000 0.3476562500000000
vt 0.1210937500000000 0.3655694723129272
f 104/532/104 233/533/233 218/534/218
vt 0.0898437500000000 0.3343194723129272
vt 0.0719305276870728 0.3164062500000000
vt 0.0898437500000000 0.3164062500000000
f 104/535/104 218/536/218 220/537/220
vt 0.6601562500000000 0.4414062500000000
vt 0.6780694723129272 0.4414062500000000
vt 0.6601562500000000 0.4593194723129272
f 104/538/104 220/539/220 56/540/56
vt 0.6468194723129272 0.4726562500000000
vt 0.6289062500000000 0.4905694723129272
vt 0.6289062500000000 0.4726562500000000
f 104/541/104 56/542/56 54/543/54
vt 0.4469305276870728 0.6835937500000000
vt 0.4960937500000000 0.6344305276870728
vt 0.4960937500000000 0.6835937500000000
f 105/544/105 58/545/58 67/546/67
vt 0.1914062500000000 0.2226562500000000
vt 0.2093194723129272 0.2226562500000000
vt 0.1914062500000000 0.2405694723129272
f 105/547/105 67/548/67 106/549/106
vt 0.3164062500000000 0.1601562500000000
vt 0.3343194723129272 0.1601562500000000
vt 0.3164062500000000 0.1780694723129272
f 105/550/105 106/551/106 107/552/107
vt 0.6289062500000000 0.4648437500000000
vt 0.6289062500000000 0.4469305276870728
vt 0.6468194723129272 0.4648437500000000
f 105/553/105 107/554/107 65/555/65
vt 0.4469305276870728 0.6914062500000000
vt 0.4960937500000000 0.6914062500000000
vt 0.4960937500000000 0.7405694723129272
f 105/556/105 65/557/65 58/558/58
vt 0.4960937500000000 0.3655694723129272
vt 0.4781805276870728 0.3476562500000000
vt 0.4960937500000000 0.3476562500000000
f 106/559/106 67/560/67 66/561/66
vt 0.1914062500000000 0.2148437500000000
vt 0.1914062500000000 0.1969305276870728
vt 0.2093194723129272 0.2148437500000000
f 106/562/106 66/563/66 77/564/77
vt 0.3343194723129272 0.1523437500000000
vt 0.3164062500000000 0.1523437500000000
vt 0.3164062500000000 0.1344305276870728
f 106/565/106 77/566/77 217/567/217
vt 0.8164062500000000 0.2594305276870728
vt 0.8343194723129272 0.2773437500000000
vt 0.8164062500000000 0.2773437500000000
f 106/568/106 217/569/217 107/570/107
vt 0.2226562500000000 0.2460937500000000
vt 0.2226562500000000 0.2281805276870728
vt 0.2405694723129272 0.2460937500000000
f 108/571/108 71/572/71 74/573/74
vt 0.3844305276870728 0.1914062500000000
vt 0.4023437500000000 0.1914062500000000
vt 0.4023437500000000 0.2093194723129272
f 108/574/108 74/575/74 221/576/221
vt 0.4101562500000000 0.1914062500000000
vt 0.4280694723129272 0.1914062500000000
vt 0.4101562500000000 0.2093194723129272
f 108/577/108 221/578/221 109/579/109
vt 0.2148437500000000 0.2281805276870728
vt 0.2148437500000000 0.2460937500000000
vt 0.1969305276870728 0.2460937500000000
f 108/580/108 109/581/109 72/582/72
vt 0.3789062500000000 0.2405694723129272
vt 0.3789062500000000 0.2226562500000000
vt 0.3968194723129272 0.2226562500000000
f 108/583/108 72/584/72 71/585/71
vt 0.8844305276870728 0.3164062500000000
vt 0.9023437500000000 0.3164062500000000
vt 0.9023437500000000 0.3343194723129272
f 109/586/109 221/587/221 110/588/110
vt 0.8492742776870728 0.5937500000000000
vt 0.8710937500000000 0.5719305276870728
vt 0.8710937500000000 0.6155694723129272
f 109/589/109 110/590/110 111/591/111
vt 0.8655694723129272 0.5664062500000000
vt 0.8437500000000000 0.5882257223129272
vt 0.8219305276870728 0.5664062500000000
f 109/592/109 111/593/111 81/594/81
vt 0.3844305276870728 0.6289062500000000
vt 0.4335937500000000 0.6289062500000000
vt 0.4335937500000000 0.6780694723129272
f 109/595/109 81/596/81 72/597/72
vt 0.4905694723129272 0.6289062500000000
vt 0.4414062500000000 0.6780694723129272
vt 0.4414062500000000 0.6289062500000000
f 112/598/112 178/599/178 75/600/75
vt 0.8085937500000000 0.5094305276870728
vt 0.8085937500000000 0.5530694723129272
vt 0.7867742776870728 0.5312500000000000
f 83/601/83 132/602/132 113/603/113
vt 0.6289062500000000 0.4280694723129272
vt 0.6289062500000000 0.4101562500000000
vt 0.6468194723129272 0.4101562500000000
f 83/604/83 113/605/113 114/606/114
vt 0.5039062500000000 0.7405694723129272
vt 0.5039062500000000 0.6914062500000000
vt 0.5530694723129272 0.6914062500000000
f 132/607/132 78/608/78 86/609/86
vt 0.6289062500000000 0.3844305276870728
vt 0.6468194723129272 0.4023437500000000
vt 0.6289062500000000 0.4023437500000000
f 85/610/85 82/611/82 115/612/115
vt 0.0976562500000000 0.3164062500000000
vt 0.1155694797635078 0.3164062500000000
vt 0.0976562500000000 0.3343194723129272
f 85/613/85 115/614/115 225/615/225
vt 0.6780694723129272 0.4335937500000000
vt 0.6601562500000000 0.4335937500000000
vt 0.6601562500000000 0.4156805276870728
f 2/616/2 116/617/116 145/618/145
vt 0.6344305276870728 0.4335937500000000
vt 0.6523437500000000 0.4156805276870728
vt 0.6523437500000000 0.4335937500000000
f 2/619/2 145/620/145 88/621/88
vt 0.6914062500000000 0.4905694723129272
vt 0.6914062500000000 0.4726562500000000
vt 0.7093194723129272 0.4726562500000000
f 117/622/117 156/623/156 118/624/118
vt 0.6914062500000000 0.4469305276870728
vt 0.7093194723129272 0.4648437500000000
vt 0.6914062500000000 0.4648437500000000
f 117/625/117 118/626/118 6/627/6
vt 0.7405694723129272 0.4960937500000000
vt 0.7226562500000000 0.4960937500000000
vt 0.7226562500000000 0.4781805276870728
f 6/628/6 118/629/118 147/630/147
vt 0.6969305276870728 0.4960937500000000
vt 0.7148437500000000 0.4781805276870728
vt 0.7148437500000000 0.4960937500000000
f 6/631/6 147/632/147 13/633/13
vt 0.1601562500000000 0.2460937500000000
vt 0.1601562500000000 0.2281805276870728
vt 0.1780694723129272 0.2460937500000000
f 91/634/91 97/635/97 20/636/20
vt 0.6601562500000000 0.4960937500000000
vt 0.6601562500000000 0.4781805276870728
vt 0.6780694723129272 0.4960937500000000
f 119/637/119 161/638/161 120/639/120
vt 0.4648437500000000 0.3164062500000000
vt 0.4648437500000000 0.3343194723129272
vt 0.4469305276870728 0.3164062500000000
f 119/640/119 120/641/120 23/642/23
vt 0.6344305276870728 0.4960937500000000
vt 0.6523437500000000 0.4781805276870728
vt 0.6523437500000000 0.4960937500000000
f 121/643/121 178/644/178 177/645/177
vt 0.7812500000000000 0.5257257223129272
vt 0.7594305276870728 0.5039062500000000
vt 0.8030694723129272 0.5039062500000000
f 121/646/121 122/647/122 217/648/217
vt 0.8219305276870728 0.5039062500000000
vt 0.8655694723129272 0.5039062500000000
vt 0.8437500000000000 0.5257257223129272
f 121/649/121 217/650/217 77/651/77
vt 0.8382257223129272 0.5312500000000000
vt 0.8164062500000000 0.5530694723129272
vt 0.8164062500000000 0.5094305276870728
f 121/652/121 77/653/77 178/654/178
vt 0.6835937500000000 0.4469305276870728
vt 0.6835937500000000 0.4648437500000000
vt 0.6656805276870728 0.4648437500000000
f 81/655/81 123/656/123 82/657/82
vt 0.6835937500000000 0.4726562500000000
vt 0.6835937500000000 0.4905694723129272
vt 0.6656805276870728 0.4726562500000000
f 181/658/181 112/659/112 83/660/83
vt 0.7405694723129272 0.4335937500000000
vt 0.7226562500000000 0.4335937500000000
vt 0.7226562500000000 0.4156805276870728
f 181/661/181 83/662/83 224/663/224
vt 0.8844305276870728 0.5664062500000000
vt 0.9280694723129272 0.5664062500000000
vt 0.9062500000000000 0.5882257223129272
f 181/664/181 224/665/224 124/666/124
vt 0.8789062500000000 0.5719305276870728
vt 0.9007257223129272 0.5937500000000000
vt 0.8789062500000000 0.6155694723129272
f 181/667/181 124/668/124 121/669/121
vt 0.9280694723129272 0.3164062500000000
vt 0.9101562500000000 0.3343194723129272
vt 0.9101562500000000 0.3164062500000000
f 125/670/125 82/671/82 126/672/126
vt 0.3968194723129272 0.2148437500000000
vt 0.3789062500000000 0.2148437500000000
vt 0.3789062500000000 0.1969305276870728
f 125/673/125 126/674/126 127/675/127
vt 0.1523437500000000 0.2460937500000000
vt 0.1344305276870728 0.2460937500000000
vt 0.1523437500000000 0.2281805276870728
f 125/676/125 115/677/115 82/678/82
vt 0.6969305276870728 0.4335937500000000
vt 0.7148437500000000 0.4156805276870728
vt 0.7148437500000000 0.4335937500000000
f 128/679/128 132/680/132 129/681/129
vt 0.0585937500000000 0.2773437500000000
vt 0.0406805202364922 0.2773437500000000
vt 0.0585937500000000 0.2594305276870728
f 128/682/128 129/683/129 130/684/130
vt 0.8789062500000000 0.3476562500000000
vt 0.8968194723129272 0.3476562500000000
vt 0.8789062500000000 0.3655694723129272
f 128/685/128 113/686/113 132/687/132
vt 0.7460937500000000 0.4023437500000000
vt 0.7281805276870728 0.4023437500000000
vt 0.7460937500000000 0.3844305276870728
f 86/688/86 197/689/197 132/690/132
vt 0.9007257223129272 0.5312500000000000
vt 0.8789062500000000 0.5530694723129272
vt 0.8789062500000000 0.5094305276870728
f 131/691/131 86/692/86 85/693/85
vt 0.7281805276870728 0.4101562500000000
vt 0.7460937500000000 0.4101562500000000
vt 0.7460937500000000 0.4280694723129272
f 131/694/131 85/695/85 226/696/226
vt 0.5039062500000000 0.6835937500000000
vt 0.5039062500000000 0.6344305276870728
vt 0.5530694723129272 0.6835937500000000
f 131/697/131 226/698/226 114/699/114
vt 0.4648437500000000 0.1914062500000000
vt 0.4648437500000000 0.2093194723129272
vt 0.4469305276870728 0.1914062500000000
f 133/700/133 102/701/102 92/702/92
vt 0.9280694723129272 0.5585937500000000
vt 0.8844305276870728 0.5585937500000000
vt 0.9062500000000000 0.5367742776870728
f 87/703/87 134/704/134 136/705/136
vt 0.9632257223129272 0.5937500000000000
vt 0.9414062500000000 0.6155694723129272
vt 0.9414062500000000 0.5719305276870728
f 87/706/87 136/707/136 2/708/2
vt 0.7460937500000000 0.4648437500000000
vt 0.7281805276870728 0.4648437500000000
vt 0.7460937500000000 0.4469305276870728
f 90/709/90 135/710/135 151/711/151
vt 0.9687500000000000 0.5992742776870728
vt 0.9905694723129272 0.6210937500000000
vt 0.9469305276870728 0.6210937500000000
f 138/712/138 117/713/117 185/714/185
vt 0.7460937500000000 0.4905694723129272
vt 0.7281805276870728 0.4726562500000000
vt 0.7460937500000000 0.4726562500000000
f 138/715/138 185/716/185 229/717/229
vt 0.6969305276870728 0.4414062500000000
vt 0.7148437500000000 0.4414062500000000
vt 0.7148437500000000 0.4593194723129272
f 13/718/13 139/719/139 140/720/140
vt 0.7405694723129272 0.4414062500000000
vt 0.7226562500000000 0.4593194723129272
vt 0.7226562500000000 0.4414062500000000
f 13/721/13 140/722/140 141/723/141
vt 0.8789062500000000 0.3219305276870728
vt 0.8968194723129272 0.3398437500000000
vt 0.8789062500000000 0.3398437500000000
f 142/724/142 13/725/13 141/726/141
vt 0.9062500000000000 0.5992742776870728
vt 0.9280694723129272 0.6210937500000000
vt 0.8844305276870728 0.6210937500000000
f 142/727/142 143/728/143 211/729/211
vt 0.9335937500000000 0.6155694723129272
vt 0.9117742776870728 0.5937500000000000
vt 0.9335937500000000 0.5719305276870728
f 142/730/142 211/731/211 89/732/89
vt 0.9905694723129272 0.5585937500000000
vt 0.9469305276870728 0.5585937500000000
vt 0.9687500000000000 0.5367742776870728
f 142/733/142 89/734/89 13/735/13
vt 0.8968194723129272 0.2851562500000000
vt 0.8789062500000000 0.3030694723129272
vt 0.8789062500000000 0.2851562500000000
f 145/736/145 116/737/116 144/738/144
vt 0.1656805276870728 0.2148437500000000
vt 0.1835937500000000 0.1969305276870728
vt 0.1835937500000000 0.2148437500000000
f 147/739/147 118/740/118 146/741/146
vt 0.4726562500000000 0.2093194723129272
vt 0.4726562500000000 0.1914062500000000
vt 0.4905694723129272 0.1914062500000000
f 147/742/147 139/743/139 13/744/13
vt 0.9742742776870728 0.5312500000000000
vt 0.9960937500000000 0.5094305276870728
vt 0.9960937500000000 0.5530694723129272
f 148/745/148 149/746/149 150/747/150
vt 0.6656805276870728 0.4023437500000000
vt 0.6835937500000000 0.3844305276870728
vt 0.6835937500000000 0.4023437500000000
f 148/748/148 150/749/150 89/750/89
vt 0.9742742776870728 0.5937500000000000
vt 0.9960937500000000 0.5719305276870728
vt 0.9960937500000000 0.6155694723129272
f 151/751/151 152/752/152 153/753/153
vt 0.9905694723129272 0.5664062500000000
vt 0.9687500000000000 0.5882257223129272
vt 0.9469305276870728 0.5664062500000000
f 151/754/151 153/755/153 23/756/23
vt 0.9335937500000000 0.5530694723129272
vt 0.9117742776870728 0.5312500000000000
vt 0.9335937500000000 0.5094305276870728
f 116/757/116 154/758/154 185/759/185
vt 0.8844305276870728 0.5039062500000000
vt 0.9280694723129272 0.5039062500000000
vt 0.9062500000000000 0.5257257223129272
f 116/760/116 185/761/185 144/762/144
vt 0.5664062500000000 0.7460937500000000
vt 0.5664062500000000 0.6969305276870728
vt 0.6155694723129272 0.7460937500000000
f 157/763/157 156/764/156 158/765/158
vt 0.5585937500000000 0.6969305276870728
vt 0.5585937500000000 0.7460937500000000
vt 0.5094305276870728 0.7460937500000000
f 157/766/157 158/767/158 212/768/212
vt 0.5719305276870728 0.6835937500000000
vt 0.6210937500000000 0.6344305276870728
vt 0.6210937500000000 0.6835937500000000
f 157/769/157 212/770/212 146/771/146
vt 0.1835937500000000 0.2226562500000000
vt 0.1835937500000000 0.2405694723129272
vt 0.1656805276870728 0.2226562500000000
f 157/772/157 146/773/146 118/774/118
vt 0.2405694723129272 0.1835937500000000
vt 0.2226562500000000 0.1835937500000000
vt 0.2226562500000000 0.1656805276870728
f 157/775/157 118/776/118 156/777/156
vt 0.3789062500000000 0.1780694723129272
vt 0.3789062500000000 0.1601562500000000
vt 0.3968194723129272 0.1601562500000000
f 147/778/147 146/779/146 212/780/212
vt 0.4905694723129272 0.3164062500000000
vt 0.4726562500000000 0.3343194723129272
vt 0.4726562500000000 0.3164062500000000
f 147/781/147 212/782/212 140/783/140
vt 0.3789062500000000 0.1344305276870728
vt 0.3968194723129272 0.1523437500000000
vt 0.3789062500000000 0.1523437500000000
f 147/784/147 140/785/140 139/786/139
vt 0.1969305276870728 0.1835937500000000
vt 0.2148437500000000 0.1656805276870728
vt 0.2148437500000000 0.1835937500000000
f 153/787/153 152/788/152 159/789/159
vt 0.2460937500000000 0.1344305276870728
vt 0.2460937500000000 0.1523437500000000
vt 0.2281805276870728 0.1523437500000000
f 153/790/153 119/791/119 23/792/23
vt 0.6835937500000000 0.4101562500000000
vt 0.6835937500000000 0.4280694723129272
vt 0.6656805276870728 0.4101562500000000
f 160/793/160 20/794/20 166/795/166
vt 0.6523437500000000 0.3968194723129272
vt 0.6344305276870728 0.3789062500000000
vt 0.6523437500000000 0.3789062500000000
f 166/796/166 20/797/20 97/798/97
vt 0.6601562500000000 0.3789062500000000
vt 0.6780694723129272 0.3789062500000000
vt 0.6601562500000000 0.3968194723129272
f 166/799/166 97/800/97 95/801/95
vt 0.2460937500000000 0.1780694723129272
vt 0.2281805276870728 0.1601562500000000
vt 0.2460937500000000 0.1601562500000000
f 166/802/166 95/803/95 169/804/169
vt 0.9469305276870728 0.5039062500000000
vt 0.9905694723129272 0.5039062500000000
vt 0.9687500000000000 0.5257257223129272
f 162/805/162 167/806/167 161/807/161
vt 0.0585937500000000 0.2851562500000000
vt 0.0585937500000000 0.3030694723129272
vt 0.0406805202364922 0.2851562500000000
f 167/808/167 163/809/163 120/810/120
vt 0.6969305276870728 0.3789062500000000
vt 0.7148437500000000 0.3789062500000000
vt 0.7148437500000000 0.3968194723129272
f 167/811/167 120/812/120 161/813/161
vt 0.0094305220991373 0.2539062500000000
vt 0.0273437500000000 0.2539062500000000
vt 0.0273437481373549 0.2718194723129272
f 161/814/161 119/815/119 153/816/153
vt 0.0351562500000000 0.2539062500000000
vt 0.0530694797635078 0.2539062500000000
vt 0.0351562500000000 0.2718194723129272
f 164/817/164 166/818/166 169/819/169
vt 0.4335937500000000 0.1523437500000000
vt 0.4156805276870728 0.1523437500000000
vt 0.4335937500000000 0.1344305276870728
f 164/820/164 169/821/169 165/822/165
vt 0.2460937500000000 0.2148437500000000
vt 0.2281805276870728 0.2148437500000000
vt 0.2460937500000000 0.1969305276870728
f 164/823/164 165/824/165 166/825/166
vt 0.9414062500000000 0.5094305276870728
vt 0.9632257223129272 0.5312500000000000
vt 0.9414062500000000 0.5530694723129272
f 166/826/166 165/827/165 194/828/194
vt 0.6210937500000000 0.6914062500000000
vt 0.6210937500000000 0.7405694723129272
vt 0.5719305276870728 0.6914062500000000
f 166/829/166 194/830/194 188/831/188
vt 0.5585937500000000 0.6780694723129272
vt 0.5094305276870728 0.6289062500000000
vt 0.5585937500000000 0.6289062500000000
f 166/832/166 188/833/188 160/834/160
vt 0.0898437500000000 0.2539062500000000
vt 0.0898437500000000 0.2718194723129272
vt 0.0719305202364922 0.2539062500000000
f 133/835/133 120/836/120 163/837/163
vt 0.2460937500000000 0.2405694723129272
vt 0.2281805276870728 0.2226562500000000
vt 0.2460937500000000 0.2226562500000000
f 133/838/133 163/839/163 192/840/192
vt 0.7226562500000000 0.3789062500000000
vt 0.7405694723129272 0.3789062500000000
vt 0.7226562500000000 0.3968194723129272
f 163/841/163 167/842/167 190/843/190
vt 0.1155694797635078 0.2539062500000000
vt 0.0976562500000000 0.2718194723129272
vt 0.0976562500000000 0.2539062500000000
f 163/844/163 190/845/190 191/846/191
vt 0.4335937500000000 0.2773437500000000
vt 0.4156805276870728 0.2773437500000000
vt 0.4335937500000000 0.2594305276870728
f 163/847/163 191/848/191 192/849/192
vt 0.2148437500000000 0.2093194723129272
vt 0.1969305276870728 0.1914062500000000
vt 0.2148437500000000 0.1914062500000000
f 95/850/95 168/851/168 169/852/169
vt 0.8968194723129272 0.2773437500000000
vt 0.8789062500000000 0.2773437500000000
vt 0.8789062500000000 0.2594305276870728
f 169/853/169 168/854/168 195/855/195
vt 0.6914062500000000 0.4101562500000000
vt 0.7093194723129272 0.4101562500000000
vt 0.6914062500000000 0.4280694723129272
f 169/856/169 195/857/195 165/858/165
vt 0.9101562500000000 0.2906805276870728
vt 0.9280694723129272 0.3085937500000000
vt 0.9101562500000000 0.3085937500000000
f 170/859/170 102/860/102 133/861/133
vt 0.0094305220991373 0.4414062500000000
vt 0.0530694797635078 0.4414062500000000
vt 0.0312500000000000 0.4632257223129272
f 172/862/172 102/863/102 170/864/170
vt 0.0257257279008627 0.4687500000000000
vt 0.0039062500000000 0.4905694723129272
vt 0.0039062500000000 0.4469305276870728
f 172/865/172 170/866/170 171/867/171
vt 0.0257257279008627 0.4062500000000000
vt 0.0039062500000000 0.4280694723129272
vt 0.0039062500000000 0.3844305276870728
f 94/868/94 173/869/173 174/870/174
vt 0.8844305276870728 0.3085937500000000
vt 0.9023437500000000 0.2906805276870728
vt 0.9023437500000000 0.3085937500000000
f 94/871/94 174/872/174 168/873/168
vt 0.0094305220991373 0.4335937500000000
vt 0.0312500000000000 0.4117742776870728
vt 0.0530694797635078 0.4335937500000000
f 94/874/94 168/875/168 95/876/95
vt 0.7093194723129272 0.4023437500000000
vt 0.6914062500000000 0.4023437500000000
vt 0.6914062500000000 0.3844305276870728
f 61/877/61 210/878/210 175/879/175
vt 0.0664062500000000 0.4905694723129272
vt 0.0664062500000000 0.4469305276870728
vt 0.0882257223129272 0.4687500000000000
f 61/880/61 175/881/175 267/882/267
vt 0.0937500000000000 0.4742742776870728
vt 0.1155694797635078 0.4960937500000000
vt 0.0719305202364922 0.4960937500000000
f 61/883/61 267/884/267 94/885/94
vt 0.9414062500000000 0.3655694723129272
vt 0.9414062500000000 0.3476562500000000
vt 0.9593194723129272 0.3476562500000000
f 172/886/172 171/887/171 264/888/264
vt 0.0664062500000000 0.3030694723129272
vt 0.0664062500000000 0.2851562500000000
vt 0.0843194723129272 0.2851562500000000
f 172/889/172 264/890/264 271/891/271
vt 0.7773437500000000 0.4414062500000000
vt 0.7773437500000000 0.4593194723129272
vt 0.7594305276870728 0.4414062500000000
f 172/892/172 271/893/271 63/894/63
vt 0.2226562500000000 0.2093194723129272
vt 0.2226562500000000 0.1914062500000000
vt 0.2405694723129272 0.1914062500000000
f 172/895/172 63/896/63 64/897/64
vt 0.9593194723129272 0.3398437500000000
vt 0.9414062500000000 0.3398437500000000
vt 0.9414062500000000 0.3219305276870728
f 271/898/271 176/899/176 101/900/101
vt 0.0094305220991373 0.4960937500000000
vt 0.0312499981373549 0.4742742776870728
vt 0.0530694797635078 0.4960937500000000
f 271/901/271 101/902/101 63/903/63
vt 0.7851562500000000 0.4593194723129272
vt 0.7851562500000000 0.4414062500000000
vt 0.8030694723129272 0.4414062500000000
f 178/904/178 112/905/112 180/906/180
vt 0.0367742702364922 0.4687500000000000
vt 0.0585937500000000 0.4469305276870728
vt 0.0585937500000000 0.4905694723129272
f 178/907/178 180/908/180 177/909/177
vt 0.7539062500000000 0.4905694723129272
vt 0.7539062500000000 0.4726562500000000
vt 0.7718194723129272 0.4726562500000000
f 81/910/81 111/911/111 196/912/196
vt 0.7539062500000000 0.4469305276870728
vt 0.7718194723129272 0.4648437500000000
vt 0.7539062500000000 0.4648437500000000
f 81/913/81 196/914/196 123/915/123
vt 0.7539062500000000 0.4280694723129272
vt 0.7539062500000000 0.4101562500000000
vt 0.7718194723129272 0.4101562500000000
f 180/916/180 112/917/112 181/918/181
vt 0.7539062500000000 0.3844305276870728
vt 0.7718194723129272 0.4023437500000000
vt 0.7539062500000000 0.4023437500000000
f 180/919/180 181/920/181 222/921/222
vt 0.5664062500000000 0.6780694723129272
vt 0.5664062500000000 0.6289062500000000
vt 0.6155694723129272 0.6289062500000000
f 180/922/180 222/923/222 177/924/177
vt 0.8030694723129272 0.4335937500000000
vt 0.7851562500000000 0.4335937500000000
vt 0.7851562500000000 0.4156805276870728
f 179/925/179 182/926/182 126/927/126
vt 0.7594305276870728 0.4335937500000000
vt 0.7773437500000000 0.4156805276870728
vt 0.7773437500000000 0.4335937500000000
f 179/928/179 126/929/126 82/930/82
vt 0.8343194723129272 0.4726562500000000
vt 0.8164062500000000 0.4905694723129272
vt 0.8164062500000000 0.4726562500000000
f 82/931/82 123/932/123 179/933/179
vt 0.8164062500000000 0.4648437500000000
vt 0.8164062500000000 0.4469305276870728
vt 0.8343194723129272 0.4648437500000000
f 183/934/183 132/935/132 197/936/197
vt 0.6289062500000000 0.6914062500000000
vt 0.6780694723129272 0.6914062500000000
vt 0.6289062500000000 0.7405694723129272
f 183/937/183 197/938/197 129/939/129
vt 0.0843194723129272 0.2773437500000000
vt 0.0664062500000000 0.2773437500000000
vt 0.0664062500000000 0.2594305276870728
f 86/940/86 131/941/131 198/942/198
vt 0.8476562500000000 0.4781805276870728
vt 0.8655694723129272 0.4960937500000000
vt 0.8476562500000000 0.4960937500000000
f 86/943/86 198/944/198 197/945/197
vt 0.8219305276870728 0.4960937500000000
vt 0.8398437500000000 0.4781805276870728
vt 0.8398437500000000 0.4960937500000000
f 129/946/129 132/947/132 183/948/183
vt 0.1344305276870728 0.3164062500000000
vt 0.1523437500000000 0.3164062500000000
vt 0.1523437500000000 0.3343194723129272
f 136/949/136 154/950/154 116/951/116
vt 0.1780694723129272 0.3164062500000000
vt 0.1601562500000000 0.3343194723129272
vt 0.1601562500000000 0.3164062500000000
f 136/952/136 116/953/116 2/954/2
vt 0.1289062500000000 0.3655694723129272
vt 0.1289062500000000 0.3476562500000000
vt 0.1468194723129272 0.3476562500000000
f 185/955/185 88/956/88 145/957/145
vt 0.1289062500000000 0.3219305276870728
vt 0.1468194723129272 0.3398437500000000
vt 0.1289062500000000 0.3398437500000000
f 185/958/185 145/959/145 184/960/184
vt 0.4156805276870728 0.1601562500000000
vt 0.4335937500000000 0.1601562500000000
vt 0.4335937500000000 0.1780694723129272
f 138/961/138 137/962/137 155/963/155
vt 0.8030694723129272 0.4960937500000000
vt 0.7851562500000000 0.4960937500000000
vt 0.7851562500000000 0.4781805276870728
f 138/964/138 155/965/155 156/966/156
vt 0.7594305276870728 0.4960937500000000
vt 0.7773437500000000 0.4781805276870728
vt 0.7773437500000000 0.4960937500000000
f 138/967/138 156/968/156 117/969/117
vt 0.8085937500000000 0.4469305276870728
vt 0.8085937500000000 0.4648437500000000
vt 0.7906805276870728 0.4648437500000000
f 186/970/186 90/971/90 150/972/150
vt 0.1468194723129272 0.2851562500000000
vt 0.1289062500000000 0.3030694723129272
vt 0.1289062500000000 0.2851562500000000
f 144/973/144 185/974/185 184/975/184
vt 0.1835937500000000 0.1523437500000000
vt 0.1656805276870728 0.1523437500000000
vt 0.1835937500000000 0.1344305276870728
f 144/976/144 184/977/184 145/978/145
vt 0.8085937500000000 0.4726562500000000
vt 0.8085937500000000 0.4905694723129272
vt 0.7906805276870728 0.4726562500000000
f 149/979/149 89/980/89 211/981/211
vt 0.1468194723129272 0.2773437500000000
vt 0.1289062500000000 0.2773437500000000
vt 0.1289062500000000 0.2594305276870728
f 149/982/149 148/983/148 89/984/89
vt 0.1155694797635078 0.4335937500000000
vt 0.0719305276870728 0.4335937500000000
vt 0.0937500000000000 0.4117742776870728
f 150/985/150 149/986/149 186/987/186
vt 0.1835937500000000 0.1780694723129272
vt 0.1656805276870728 0.1601562500000000
vt 0.1835937500000000 0.1601562500000000
f 155/988/155 187/989/187 158/990/158
vt 0.6289062500000000 0.6835937500000000
vt 0.6289062500000000 0.6344305276870728
vt 0.6780694723129272 0.6835937500000000
f 155/991/155 158/992/158 156/993/156
vt 0.8476562500000000 0.4156805276870728
vt 0.8655694723129272 0.4335937500000000
vt 0.8476562500000000 0.4335937500000000
f 188/994/188 20/995/20 160/996/160
vt 0.8398437500000000 0.4335937500000000
vt 0.8219305276870728 0.4335937500000000
vt 0.8398437500000000 0.4156805276870728
f 162/997/162 161/998/161 153/999/153
vt 0.6914062500000000 0.6969305276870728
vt 0.7405694723129272 0.7460937500000000
vt 0.6914062500000000 0.7460937500000000
f 162/1000/162 189/1001/189 167/1002/167
vt 0.8710937500000000 0.4023437500000000
vt 0.8531805276870728 0.4023437500000000
vt 0.8710937500000000 0.3844305276870728
f 189/1003/189 190/1004/190 167/1005/167
vt 0.8531805276870728 0.4101562500000000
vt 0.8710937500000000 0.4101562500000000
vt 0.8710937500000000 0.4280694723129272
f 192/1006/192 191/1007/191 170/1008/170
vt 0.1601562500000000 0.2906805276870728
vt 0.1780694723129272 0.3085937500000000
vt 0.1601562500000000 0.3085937500000000
f 192/1009/192 170/1010/170 133/1011/133
vt 0.1344305276870728 0.3085937500000000
vt 0.1523437500000000 0.2906805276870728
vt 0.1523437500000000 0.3085937500000000
f 194/1012/194 165/1013/165 193/1014/193
vt 0.4335937500000000 0.3030694723129272
vt 0.4156805276870728 0.2851562500000000
vt 0.4335937500000000 0.2851562500000000
f 195/1015/195 194/1016/194 193/1017/193
vt 0.1914062500000000 0.3655694723129272
vt 0.1914062500000000 0.3476562500000000
vt 0.2093194723129272 0.3476562500000000
f 195/1018/195 193/1019/193 165/1020/165
vt 0.6835937500000000 0.6969305276870728
vt 0.6835937500000000 0.7460937500000000
vt 0.6344305276870728 0.7460937500000000
f 123/1021/123 196/1022/196 182/1023/182
vt 0.1210937500000000 0.3844305276870728
vt 0.1210937500000000 0.4280694723129272
vt 0.0992742776870728 0.4062500000000000
f 123/1024/123 182/1025/182 179/1026/179
vt 0.0992742776870728 0.4687500000000000
vt 0.1210937500000000 0.4469305276870728
vt 0.1210937500000000 0.4905694723129272
f 198/1027/198 129/1028/129 197/1029/197
vt 0.6819757223129272 0.9375000000000000
vt 0.6289062500000000 0.9905694723129272
vt 0.6289062500000000 0.8844305276870728
f 199/1030/199 200/1031/200 204/1032/204
vt 0.6344305276870728 0.9960937500000000
vt 0.6875000000000000 0.9430242776870728
vt 0.7405694723129272 0.9960937500000000
f 199/1033/199 204/1034/204 207/1035/207
vt 0.7460937500000000 0.9905694723129272
vt 0.6930242776870728 0.9375000000000000
vt 0.7460937500000000 0.8844305276870728
f 199/1036/199 207/1037/207 209/1038/209
vt 0.6344305276870728 0.8789062500000000
vt 0.7405694723129272 0.8789062500000000
vt 0.6875000000000000 0.9319757223129272
f 199/1039/199 209/1040/209 205/1041/205
vt 0.7539062500000000 0.9905694723129272
vt 0.7539062500000000 0.8844305276870728
vt 0.8069757223129272 0.9375000000000000
f 199/1042/199 205/1043/205 202/1044/202
vt 0.6969305276870728 0.6835937500000000
vt 0.7460937500000000 0.6344305276870728
vt 0.7460937500000000 0.6835937500000000
f 199/1045/199 202/1046/202 201/1047/201
vt 0.8125000000000000 0.9430242776870728
vt 0.8655694723129272 0.9960937500000000
vt 0.7594305276870728 0.9960937500000000
f 199/1048/199 201/1049/201 200/1050/200
vt 0.8710937500000000 0.8844305276870728
vt 0.8710937500000000 0.9905694723129272
vt 0.8180242776870728 0.9375000000000000
f 200/1051/200 294/1052/294 277/1053/277
vt 0.6969305276870728 0.6914062500000000
vt 0.7460937500000000 0.6914062500000000
vt 0.7460937500000000 0.7405694723129272
f 200/1054/200 277/1055/277 276/1056/276
vt 0.8655694723129272 0.8789062500000000
vt 0.8125000000000000 0.9319757223129272
vt 0.7594305276870728 0.8789062500000000
f 200/1057/200 201/1058/201 294/1059/294
vt 0.8789062500000000 0.8844305276870728
vt 0.9319757223129272 0.9375000000000000
vt 0.8789062500000000 0.9905694723129272
f 200/1060/200 276/1061/276 204/1062/204
vt 0.6835937500000000 0.6289062500000000
vt 0.6835937500000000 0.6780694723129272
vt 0.6344305276870728 0.6289062500000000
f 201/1063/201 202/1064/202 294/1065/294
vt 0.6914062500000000 0.6780694723129272
vt 0.6914062500000000 0.6289062500000000
vt 0.7405694723129272 0.6289062500000000
f 202/1066/202 219/1067/219 294/1068/294
vt 0.8030694723129272 0.6914062500000000
vt 0.7539062500000000 0.7405694723129272
vt 0.7539062500000000 0.6914062500000000
f 204/1069/204 276/1070/276 203/1071/203
vt 0.8030694723129272 0.6835937500000000
vt 0.7539062500000000 0.6835937500000000
vt 0.7539062500000000 0.6344305276870728
f 204/1072/204 203/1073/203 206/1074/206
vt 0.9905694723129272 0.9960937500000000
vt 0.8844305276870728 0.9960937500000000
vt 0.9375000000000000 0.9430242776870728
f 204/1075/204 206/1076/206 207/1077/207
vt 0.8164062500000000 0.7460937500000000
vt 0.8164062500000000 0.6969305276870728
vt 0.8655694723129272 0.7460937500000000
f 202/1078/202 205/1079/205 219/1080/219
vt 0.1155694797635078 0.4414062500000000
vt 0.0937500000000000 0.4632257223129272
vt 0.0719305276870728 0.4414062500000000
f 205/1081/205 321/1082/321 219/1083/219
vt 0.0585937500000000 0.4280694723129272
vt 0.0367742702364922 0.4062500000000000
vt 0.0585937500000000 0.3844305276870728
f 205/1084/205 322/1085/322 321/1086/321
vt 0.0094305220991373 0.3789062500000000
vt 0.0530694797635078 0.3789062500000000
vt 0.0312499981373549 0.4007257223129272
f 207/1087/207 206/1088/206 323/1089/323
vt 0.9960937500000000 0.9905694723129272
vt 0.9430242776870728 0.9375000000000000
vt 0.9960937500000000 0.8844305276870728
f 205/1090/205 209/1091/209 324/1092/324
vt 0.7594305276870728 0.7460937500000000
vt 0.8085937500000000 0.6969305276870728
vt 0.8085937500000000 0.7460937500000000
f 205/1093/205 324/1094/324 322/1095/322
vt 0.9375000000000000 0.9319757223129272
vt 0.8844305276870728 0.8789062500000000
vt 0.9905694723129272 0.8789062500000000
f 207/1096/207 323/1097/323 209/1098/209
vt 0.8710937500000000 0.4469305276870728
vt 0.8710937500000000 0.4648437500000000
vt 0.8531805276870728 0.4648437500000000
f 209/1099/209 208/1100/208 324/1101/324
vt 0.8219305276870728 0.6835937500000000
vt 0.8710937500000000 0.6344305276870728
vt 0.8710937500000000 0.6835937500000000
f 209/1102/209 323/1103/323 325/1104/325
vt 0.1155694797635078 0.3789062500000000
vt 0.0937500000000000 0.4007257223129272
vt 0.0719305202364922 0.3789062500000000
f 209/1105/209 325/1106/325 208/1107/208
vt 0.1914062500000000 0.3398437500000000
vt 0.1914062500000000 0.3219305276870728
vt 0.2093194723129272 0.3398437500000000
f 52/1108/52 210/1109/210 55/1110/55
vt 0.4101562500000000 0.1656805276870728
vt 0.4280694723129272 0.1835937500000000
vt 0.4101562500000000 0.1835937500000000
f 52/1111/52 55/1112/55 53/1113/53
vt 0.4023437500000000 0.2539062500000000
vt 0.4023437500000000 0.2718194723129272
vt 0.3844305276870728 0.2539062500000000
f 100/1114/100 176/1115/176 47/1116/47
vt 0.9726562500000000 0.3710937500000000
vt 0.9726562500000000 0.3531805276870728
vt 0.9905694723129272 0.3710937500000000
f 233/1117/233 57/1118/57 47/1119/47
vt 0.8710937500000000 0.4905694723129272
vt 0.8531805276870728 0.4726562500000000
vt 0.8710937500000000 0.4726562500000000
f 185/1120/185 154/1121/154 136/1122/136
vt 0.8398437500000000 0.4414062500000000
vt 0.8398437500000000 0.4593194723129272
vt 0.8219305276870728 0.4414062500000000
f 211/1123/211 90/1124/90 149/1125/149
vt 0.8476562500000000 0.4414062500000000
vt 0.8655694723129272 0.4414062500000000
vt 0.8476562500000000 0.4593194723129272
f 186/1126/186 149/1127/149 90/1128/90
vt 0.1344305276870728 0.1289062500000000
vt 0.1523437500000000 0.1289062500000000
vt 0.1523437500000000 0.1468194723129272
f 212/1129/212 158/1130/158 187/1131/187
vt 0.8085937500000000 0.4023437500000000
vt 0.7906805276870728 0.4023437500000000
vt 0.8085937500000000 0.3844305276870728
f 212/1132/212 187/1133/187 141/1134/141
vt 0.9469305276870728 0.3710937500000000
vt 0.9648437500000000 0.3531805276870728
vt 0.9648437500000000 0.3710937500000000
f 212/1135/212 141/1136/141 140/1137/140
vt 0.8085937500000000 0.4101562500000000
vt 0.8085937500000000 0.4280694723129272
vt 0.7906805276870728 0.4101562500000000
f 188/1138/188 213/1139/213 214/1140/214
vt 0.9101562500000000 0.3710937500000000
vt 0.9101562500000000 0.3531805276870728
vt 0.9280694723129272 0.3710937500000000
f 153/1141/153 159/1142/159 215/1143/215
vt 0.0882257223129272 0.4062500000000000
vt 0.0664062500000000 0.4280694723129272
vt 0.0664062500000000 0.3844305276870728
f 153/1144/153 215/1145/215 162/1146/162
vt 0.1780694723129272 0.4414062500000000
vt 0.1562500000000000 0.4632257223129272
vt 0.1344305276870728 0.4414062500000000
f 194/1147/194 213/1148/213 188/1149/188
vt 0.9023437500000000 0.3710937500000000
vt 0.8844305276870728 0.3710937500000000
vt 0.9023437500000000 0.3531805276870728
f 168/1150/168 174/1151/174 213/1152/213
vt 0.9156805276870728 0.3398437500000000
vt 0.9335937500000000 0.3219305276870728
vt 0.9335937500000000 0.3398437500000000
f 168/1153/168 213/1154/213 195/1155/195
vt 0.2226562500000000 0.3531805276870728
vt 0.2405694723129272 0.3710937500000000
vt 0.2226562500000000 0.3710937500000000
f 170/1156/170 191/1157/191 190/1158/190
vt 0.1507257223129272 0.4687500000000000
vt 0.1289062500000000 0.4905694723129272
vt 0.1289062500000000 0.4469305276870728
f 176/1159/176 271/1160/271 216/1161/216
vt 0.7773437500000000 0.3968194723129272
vt 0.7594305276870728 0.3789062500000000
vt 0.7773437500000000 0.3789062500000000
f 176/1162/176 216/1163/216 233/1164/233
vt 0.4101562500000000 0.2539062500000000
vt 0.4280694723129272 0.2539062500000000
vt 0.4101562500000000 0.2718194723129272
f 107/1165/107 217/1166/217 312/1167/312
vt 0.1969305276870728 0.3710937500000000
vt 0.2148437500000000 0.3531805276870728
vt 0.2148437500000000 0.3710937500000000
f 107/1168/107 312/1169/312 103/1170/103
vt 0.7851562500000000 0.3968194723129272
vt 0.7851562500000000 0.3789062500000000
vt 0.8030694723129272 0.3789062500000000
f 107/1171/107 103/1172/103 65/1173/65
vt 0.1289062500000000 0.4280694723129272
vt 0.1289062500000000 0.3844305276870728
vt 0.1507257223129272 0.4062500000000000
f 218/1174/218 219/1175/219 321/1176/321
vt 0.1601562500000000 0.3531805276870728
vt 0.1780694723129272 0.3710937500000000
vt 0.1601562500000000 0.3710937500000000
f 218/1177/218 321/1178/321 220/1179/220
vt 0.8398437500000000 0.3789062500000000
vt 0.8398437500000000 0.3968194723129272
vt 0.8219305276870728 0.3789062500000000
f 220/1180/220 321/1181/321 221/1182/221
vt 0.8476562500000000 0.3968194723129272
vt 0.8476562500000000 0.3789062500000000
vt 0.8655694723129272 0.3789062500000000
f 220/1183/220 221/1184/221 74/1185/74
vt 0.8164062500000000 0.4101562500000000
vt 0.8343194723129272 0.4101562500000000
vt 0.8164062500000000 0.4280694723129272
f 196/1186/196 111/1187/111 182/1188/182
vt 0.8164062500000000 0.3844305276870728
vt 0.8343194723129272 0.4023437500000000
vt 0.8164062500000000 0.4023437500000000
f 182/1189/182 111/1190/111 126/1191/126
vt 0.3844305276870728 0.1835937500000000
vt 0.4023437500000000 0.1656805276870728
vt 0.4023437500000000 0.1835937500000000
f 111/1192/111 223/1193/223 127/1194/127
vt 0.9023437500000000 0.4593194723129272
vt 0.8844305276870728 0.4414062500000000
vt 0.9023437500000000 0.4414062500000000
f 222/1195/222 121/1196/121 177/1197/177
vt 0.1562500000000000 0.4117742776870728
vt 0.1780694723129272 0.4335937500000000
vt 0.1344305276870728 0.4335937500000000
f 224/1198/224 83/1199/83 114/1200/114
vt 0.9101562500000000 0.4414062500000000
vt 0.9280694723129272 0.4414062500000000
vt 0.9101562500000000 0.4593194723129272
f 224/1201/224 114/1202/114 124/1203/124
vt 0.9335937500000000 0.3476562500000000
vt 0.9335937500000000 0.3655694723129272
vt 0.9156805276870728 0.3476562500000000
f 225/1204/225 226/1205/226 85/1206/85
vt 0.2132257223129272 0.4687500000000000
vt 0.1914062500000000 0.4905694723129272
vt 0.1914062500000000 0.4469305276870728
f 136/1207/136 134/1208/134 258/1209/258
vt 0.1969305276870728 0.4960937500000000
vt 0.2187500000000000 0.4742742776870728
vt 0.2405694723129272 0.4960937500000000
f 136/1210/136 258/1211/258 185/1212/185
vt 0.9726562500000000 0.3085937500000000
vt 0.9726562500000000 0.2906805276870728
vt 0.9905694723129272 0.3085937500000000
f 227/1213/227 137/1214/137 228/1215/228
vt 0.9648437500000000 0.2906805276870728
vt 0.9648437500000000 0.3085937500000000
vt 0.9469305276870728 0.3085937500000000
f 227/1216/227 228/1217/228 142/1218/142
vt 0.9781805276870728 0.2773437500000000
vt 0.9960937500000000 0.2594305276870728
vt 0.9960937500000000 0.2773437500000000
f 227/1219/227 142/1220/142 141/1221/141
vt 0.8789062500000000 0.4726562500000000
vt 0.8968194723129272 0.4726562500000000
vt 0.8789062500000000 0.4905694723129272
f 227/1222/227 141/1223/141 187/1224/187
vt 0.8968194723129272 0.4648437500000000
vt 0.8789062500000000 0.4648437500000000
vt 0.8789062500000000 0.4469305276870728
f 227/1225/227 187/1226/187 155/1227/155
vt 0.8968194723129272 0.4101562500000000
vt 0.8789062500000000 0.4280694723129272
vt 0.8789062500000000 0.4101562500000000
f 227/1228/227 155/1229/155 137/1230/137
vt 0.1562500000000000 0.4742742776870728
vt 0.1780694723129272 0.4960937500000000
vt 0.1344305276870728 0.4960937500000000
f 138/1231/138 229/1232/229 246/1233/246
vt 0.8789062500000000 0.3844305276870728
vt 0.8968194723129272 0.4023437500000000
vt 0.8789062500000000 0.4023437500000000
f 138/1234/138 246/1235/246 228/1236/228
vt 0.4593194723129272 0.2226562500000000
vt 0.4414062500000000 0.2405694723129272
vt 0.4414062500000000 0.2226562500000000
f 138/1237/138 228/1238/228 137/1239/137
vt 0.1344305276870728 0.3710937500000000
vt 0.1523437500000000 0.3531805276870728
vt 0.1523437500000000 0.3710937500000000
f 215/1240/215 230/1241/230 189/1242/189
vt 0.1617742776870728 0.4687500000000000
vt 0.1835937500000000 0.4469305276870728
vt 0.1835937500000000 0.4905694723129272
f 215/1243/215 189/1244/189 162/1245/162
vt 0.2187500000000000 0.4117742776870728
vt 0.2405694723129272 0.4335937500000000
vt 0.1969305276870728 0.4335937500000000
f 213/1246/213 174/1247/174 231/1248/231
vt 0.2460937500000000 0.4280694723129272
vt 0.2242742776870728 0.4062500000000000
vt 0.2460937500000000 0.3844305276870728
f 213/1249/213 231/1250/231 232/1251/232
vt 0.2460937500000000 0.4469305276870728
vt 0.2460937500000000 0.4905694723129272
vt 0.2242742776870728 0.4687500000000000
f 213/1252/213 232/1253/232 214/1254/214
vt 0.1835937500000000 0.3219305276870728
vt 0.1835937500000000 0.3398437500000000
vt 0.1656805276870728 0.3398437500000000
f 213/1255/213 194/1256/194 195/1257/195
vt 0.1656805276870728 0.3476562500000000
vt 0.1835937500000000 0.3476562500000000
vt 0.1835937500000000 0.3655694723129272
f 170/1258/170 190/1259/190 189/1260/189
vt 0.4648437500000000 0.2718194723129272
vt 0.4469305276870728 0.2539062500000000
vt 0.4648437500000000 0.2539062500000000
f 170/1261/170 189/1262/189 230/1263/230
vt 0.2405694723129272 0.4414062500000000
vt 0.2187500000000000 0.4632257223129272
vt 0.1969305276870728 0.4414062500000000
f 170/1264/170 242/1265/242 171/1266/171
vt 0.4726562500000000 0.2718194723129272
vt 0.4726562500000000 0.2539062500000000
vt 0.4905694723129272 0.2539062500000000
f 210/1267/210 61/1268/61 55/1269/55
vt 0.2226562500000000 0.3085937500000000
vt 0.2226562500000000 0.2906805276870728
vt 0.2405694723129272 0.3085937500000000
f 233/1270/233 47/1271/47 176/1272/176
vt 0.1969305276870728 0.3085937500000000
vt 0.2148437500000000 0.2906805276870728
vt 0.2148437500000000 0.3085937500000000
f 210/1273/210 103/1274/103 175/1275/175
vt 0.9960937500000000 0.2851562500000000
vt 0.9960937500000000 0.3030694723129272
vt 0.9781805276870728 0.2851562500000000
f 127/1276/127 126/1277/126 111/1278/111
vt 0.9280694723129272 0.4335937500000000
vt 0.9101562500000000 0.4335937500000000
vt 0.9101562500000000 0.4156805276870728
f 121/1279/121 222/1280/222 181/1281/181
vt 0.2460937500000000 0.2594305276870728
vt 0.2460937500000000 0.2773437500000000
vt 0.2281805276870728 0.2773437500000000
f 198/1282/198 131/1283/131 130/1284/130
vt 0.9023437500000000 0.4156805276870728
vt 0.9023437500000000 0.4335937500000000
vt 0.8844305276870728 0.4335937500000000
f 198/1285/198 130/1286/130 129/1287/129
vt 0.1617742776870728 0.4062500000000000
vt 0.1835937500000000 0.3844305276870728
vt 0.1835937500000000 0.4280694723129272
f 152/1288/152 151/1289/151 135/1290/135
vt 0.1780694723129272 0.3789062500000000
vt 0.1562500000000000 0.4007257223129272
vt 0.1344305276870728 0.3789062500000000
f 229/1291/229 185/1292/185 258/1293/258
vt 0.9593194723129272 0.4726562500000000
vt 0.9414062500000000 0.4905694723129272
vt 0.9414062500000000 0.4726562500000000
f 229/1294/229 258/1295/258 234/1296/234
vt 0.9781805276870728 0.3398437500000000
vt 0.9960937500000000 0.3219305276870728
vt 0.9960937500000000 0.3398437500000000
f 143/1297/143 142/1298/142 235/1299/235
vt 0.4593194723129272 0.2148437500000000
vt 0.4414062500000000 0.2148437500000000
vt 0.4414062500000000 0.1969305276870728
f 143/1300/143 236/1301/236 237/1302/237
vt 0.4726562500000000 0.2281805276870728
vt 0.4905694723129272 0.2460937500000000
vt 0.4726562500000000 0.2460937500000000
f 143/1303/143 237/1304/237 238/1305/238
vt 0.9593194723129272 0.4648437500000000
vt 0.9414062500000000 0.4648437500000000
vt 0.9414062500000000 0.4469305276870728
f 143/1306/143 238/1307/238 211/1308/211
vt 0.1780694723129272 0.1289062500000000
vt 0.1601562500000000 0.1468194723129272
vt 0.1601562500000000 0.1289062500000000
f 232/1309/232 231/1310/231 263/1311/263
vt 0.9960937500000000 0.3476562500000000
vt 0.9960937500000000 0.3655694723129272
vt 0.9781805276870728 0.3476562500000000
f 232/1312/232 263/1313/263 134/1314/134
vt 0.2405694723129272 0.3789062500000000
vt 0.2187500000000000 0.4007257223129272
vt 0.1969305276870728 0.3789062500000000
f 232/1315/232 134/1316/134 87/1317/87
vt 0.1914062500000000 0.4280694723129272
vt 0.1914062500000000 0.3844305276870728
vt 0.2132257223129272 0.4062500000000000
f 232/1318/232 87/1319/87 214/1320/214
vt 0.9726562500000000 0.4960937500000000
vt 0.9726562500000000 0.4781805276870728
vt 0.9905694723129272 0.4960937500000000
f 173/1321/173 94/1322/94 267/1323/267
vt 0.4469305276870728 0.2460937500000000
vt 0.4648437500000000 0.2281805276870728
vt 0.4648437500000000 0.2460937500000000
f 173/1324/173 267/1325/267 265/1326/265
vt 0.2281805276870728 0.2851562500000000
vt 0.2460937500000000 0.2851562500000000
vt 0.2460937500000000 0.3030694723129272
f 216/1327/216 218/1328/218 233/1329/233
vt 0.8219305276870728 0.6914062500000000
vt 0.8710937500000000 0.6914062500000000
vt 0.8710937500000000 0.7405694723129272
f 239/1330/239 111/1331/111 110/1332/110
vt 0.9648437500000000 0.3343194723129272
vt 0.9469305276870728 0.3164062500000000
vt 0.9648437500000000 0.3164062500000000
f 239/1333/239 226/1334/226 225/1335/225
vt 0.2812500000000000 0.4632257223129272
vt 0.2594305276870728 0.4414062500000000
vt 0.3030694723129272 0.4414062500000000
f 239/1336/239 225/1337/225 223/1338/223
vt 0.2539062500000000 0.4469305276870728
vt 0.2757257223129272 0.4687500000000000
vt 0.2539062500000000 0.4905694723129272
f 239/1339/239 223/1340/223 111/1341/111
vt 0.2281805276870728 0.3398437500000000
vt 0.2460937500000000 0.3219305276870728
vt 0.2460937500000000 0.3398437500000000
f 223/1342/223 225/1343/225 115/1344/115
vt 0.4023437500000000 0.1468194723129272
vt 0.3844305276870728 0.1289062500000000
vt 0.4023437500000000 0.1289062500000000
f 223/1345/223 115/1346/115 127/1347/127
vt 0.9648437500000000 0.4960937500000000
vt 0.9469305276870728 0.4960937500000000
vt 0.9648437500000000 0.4781805276870728
f 113/1348/113 130/1349/130 114/1350/114
vt 0.9101562500000000 0.4960937500000000
vt 0.9101562500000000 0.4781805276870728
vt 0.9280694723129272 0.4960937500000000
f 130/1351/130 131/1352/131 114/1353/114
vt 0.9023437500000000 0.4781805276870728
vt 0.9023437500000000 0.4960937500000000
vt 0.8844305276870728 0.4960937500000000
f 235/1354/235 142/1355/142 228/1356/228
vt 0.9156805276870728 0.4648437500000000
vt 0.9335937500000000 0.4469305276870728
vt 0.9335937500000000 0.4648437500000000
f 235/1357/235 228/1358/228 246/1359/246
vt 0.2460937500000000 0.3655694723129272
vt 0.2281805276870728 0.3476562500000000
vt 0.2460937500000000 0.3476562500000000
f 235/1360/235 246/1361/246 240/1362/240
vt 0.9726562500000000 0.3164062500000000
vt 0.9905694723129272 0.3164062500000000
vt 0.9726562500000000 0.3343194723129272
f 235/1363/235 240/1364/240 236/1365/236
vt 0.2539062500000000 0.3844305276870728
vt 0.2757257223129272 0.4062500000000000
vt 0.2539062500000000 0.4280694723129272
f 135/1366/135 90/1367/90 211/1368/211
vt 0.3030694723129272 0.4335937500000000
vt 0.2594305276870728 0.4335937500000000
vt 0.2812500000000000 0.4117742776870728
f 135/1369/135 211/1370/211 238/1371/238
vt 0.2148437500000000 0.1289062500000000
vt 0.2148437500000000 0.1468194723129272
vt 0.1969305276870728 0.1289062500000000
f 135/1372/135 238/1373/238 259/1374/259
vt 0.4280694723129272 0.2460937500000000
vt 0.4101562500000000 0.2460937500000000
vt 0.4101562500000000 0.2281805276870728
f 135/1375/135 259/1376/259 152/1377/152
vt 0.3382257223129272 0.4687500000000000
vt 0.3164062500000000 0.4905694723129272
vt 0.3164062500000000 0.4469305276870728
f 262/1378/262 159/1379/159 152/1380/152
vt 0.9335937500000000 0.4726562500000000
vt 0.9335937500000000 0.4905694723129272
vt 0.9156805276870728 0.4726562500000000
f 262/1381/262 241/1382/241 159/1383/159
vt 0.3655694723129272 0.4960937500000000
vt 0.3219305276870728 0.4960937500000000
vt 0.3437500000000000 0.4742742776870728
f 241/1384/241 242/1385/242 215/1386/215
vt 0.2812500000000000 0.4742742776870728
vt 0.3030694723129272 0.4960937500000000
vt 0.2594305276870728 0.4960937500000000
f 241/1387/241 215/1388/215 159/1389/159
vt 0.1969305276870728 0.3164062500000000
vt 0.2148437500000000 0.3164062500000000
vt 0.2148437500000000 0.3343194723129272
f 242/1390/242 170/1391/170 230/1392/230
vt 0.9905694723129272 0.4335937500000000
vt 0.9726562500000000 0.4335937500000000
vt 0.9726562500000000 0.4156805276870728
f 242/1393/242 230/1394/230 215/1395/215
vt 0.2867742776870728 0.4687500000000000
vt 0.3085937500000000 0.4469305276870728
vt 0.3085937500000000 0.4905694723129272
f 243/1396/243 174/1397/174 173/1398/173
vt 0.3437500000000000 0.4117742776870728
vt 0.3655694723129272 0.4335937500000000
vt 0.3219305276870728 0.4335937500000000
f 243/1399/243 231/1400/231 174/1401/174
vt 0.9648437500000000 0.4335937500000000
vt 0.9469305276870728 0.4335937500000000
vt 0.9648437500000000 0.4156805276870728
f 122/1402/122 121/1403/121 124/1404/124
vt 0.4023437500000000 0.2460937500000000
vt 0.3844305276870728 0.2460937500000000
vt 0.4023437500000000 0.2281805276870728
f 122/1405/122 124/1406/124 244/1407/244
vt 0.2226562500000000 0.1468194723129272
vt 0.2226562500000000 0.1289062500000000
vt 0.2405694723129272 0.1289062500000000
f 122/1408/122 244/1409/244 217/1410/217
vt 0.9156805276870728 0.2773437500000000
vt 0.9335937500000000 0.2594305276870728
vt 0.9335937500000000 0.2773437500000000
f 245/1411/245 246/1412/246 229/1413/229
vt 0.1914062500000000 0.1601562500000000
vt 0.2093194723129272 0.1601562500000000
vt 0.1914062500000000 0.1780694723129272
f 245/1414/245 229/1415/229 247/1416/247
vt 0.7594305276870728 0.6289062500000000
vt 0.8085937500000000 0.6289062500000000
vt 0.8085937500000000 0.6780694723129272
f 245/1417/245 247/1418/247 248/1419/248
vt 0.8655694723129272 0.6289062500000000
vt 0.8164062500000000 0.6780694723129272
vt 0.8164062500000000 0.6289062500000000
f 245/1420/245 248/1421/248 246/1422/246
vt 0.8789062500000000 0.7405694723129272
vt 0.8789062500000000 0.6914062500000000
vt 0.9280694723129272 0.6914062500000000
f 246/1423/246 248/1424/248 249/1425/249
vt 0.8789062500000000 0.6344305276870728
vt 0.9280694723129272 0.6835937500000000
vt 0.8789062500000000 0.6835937500000000
f 246/1426/246 249/1427/249 240/1428/240
vt 0.2093194723129272 0.1523437500000000
vt 0.1914062500000000 0.1523437500000000
vt 0.1914062500000000 0.1344305276870728
f 249/1429/249 250/1430/250 240/1431/240
vt 0.9335937500000000 0.2851562500000000
vt 0.9335937500000000 0.3030694723129272
vt 0.9156805276870728 0.2851562500000000
f 251/1432/251 247/1433/247 252/1434/252
vt 0.2773437500000000 0.2093194723129272
vt 0.2594305276870728 0.1914062500000000
vt 0.2773437500000000 0.1914062500000000
f 251/1435/251 252/1436/252 253/1437/253
vt 0.0039062500000000 0.7594305276870728
vt 0.0569757297635078 0.8125000000000000
vt 0.0039062500000000 0.8655694723129272
f 251/1438/251 253/1439/253 368/1440/368
vt 0.1155694797635078 0.8710937500000000
vt 0.0094305220991373 0.8710937500000000
vt 0.0625000000000000 0.8180242776870728
f 251/1441/251 368/1442/368 254/1443/254
vt 0.4414062500000000 0.2851562500000000
vt 0.4593194723129272 0.2851562500000000
vt 0.4414062500000000 0.3030694723129272
f 251/1444/251 254/1445/254 247/1446/247
vt 0.1210937500000000 0.7594305276870728
vt 0.1210937500000000 0.8655694723129272
vt 0.0680242776870728 0.8125000000000000
f 254/1447/254 368/1448/368 255/1449/255
vt 0.9414062500000000 0.6969305276870728
vt 0.9905694723129272 0.7460937500000000
vt 0.9414062500000000 0.7460937500000000
f 254/1450/254 255/1451/255 249/1452/249
vt 0.9023437500000000 0.2718194723129272
vt 0.8844305276870728 0.2539062500000000
vt 0.9023437500000000 0.2539062500000000
f 254/1453/254 249/1454/249 248/1455/248
vt 0.9101562500000000 0.2718194723129272
vt 0.9101562500000000 0.2539062500000000
vt 0.9280694723129272 0.2539062500000000
f 254/1456/254 248/1457/248 247/1458/247
vt 0.8844305276870728 0.7460937500000000
vt 0.9335937500000000 0.6969305276870728
vt 0.9335937500000000 0.7460937500000000
f 234/1459/234 252/1460/252 247/1461/247
vt 0.9781805276870728 0.4023437500000000
vt 0.9960937500000000 0.3844305276870728
vt 0.9960937500000000 0.4023437500000000
f 234/1462/234 247/1463/247 229/1464/229
vt 0.9781805276870728 0.4101562500000000
vt 0.9960937500000000 0.4101562500000000
vt 0.9960937500000000 0.4280694723129272
f 236/1465/236 240/1466/240 250/1467/250
vt 0.9960937500000000 0.6344305276870728
vt 0.9960937500000000 0.6835937500000000
vt 0.9469305276870728 0.6835937500000000
f 236/1468/236 250/1469/250 256/1470/256
vt 0.9960937500000000 0.4648437500000000
vt 0.9781805276870728 0.4648437500000000
vt 0.9960937500000000 0.4469305276870728
f 236/1471/236 256/1472/256 279/1473/279
vt 0.9960937500000000 0.4726562500000000
vt 0.9960937500000000 0.4905694723129272
vt 0.9781805276870728 0.4726562500000000
f 236/1474/236 279/1475/279 257/1476/257
vt 0.4156805276870728 0.2148437500000000
vt 0.4335937500000000 0.1969305276870728
vt 0.4335937500000000 0.2148437500000000
f 236/1477/236 257/1478/257 237/1479/237
vt 0.9960937500000000 0.7405694723129272
vt 0.9469305276870728 0.6914062500000000
vt 0.9960937500000000 0.6914062500000000
f 255/1480/255 368/1481/368 371/1482/371
vt 0.9648437500000000 0.2539062500000000
vt 0.9648437500000000 0.2718194723129272
vt 0.9469305276870728 0.2539062500000000
f 255/1483/255 371/1484/371 256/1485/256
vt 0.2851562500000000 0.2093194723129272
vt 0.2851562500000000 0.1914062500000000
vt 0.3030694723129272 0.1914062500000000
f 255/1486/255 256/1487/256 250/1488/250
vt 0.2539062500000000 0.2405694723129272
vt 0.2539062500000000 0.2226562500000000
vt 0.2718194723129272 0.2226562500000000
f 255/1489/255 250/1490/250 249/1491/249
vt 0.2539062500000000 0.1969305276870728
vt 0.2718194723129272 0.2148437500000000
vt 0.2539062500000000 0.2148437500000000
f 259/1492/259 238/1493/238 237/1494/237
vt 0.4156805276870728 0.2226562500000000
vt 0.4335937500000000 0.2226562500000000
vt 0.4335937500000000 0.2405694723129272
f 259/1495/259 260/1496/260 152/1497/152
vt 0.2539062500000000 0.1780694723129272
vt 0.2539062500000000 0.1601562500000000
vt 0.2718194723129272 0.1601562500000000
f 261/1498/261 260/1499/260 262/1500/262
vt 0.2539062500000000 0.1523437500000000
vt 0.2539062500000000 0.1344305276870728
vt 0.2718194723129272 0.1523437500000000
f 261/1501/261 262/1502/262 152/1503/152
vt 0.9726562500000000 0.2539062500000000
vt 0.9905694723129272 0.2539062500000000
vt 0.9726562500000000 0.2718194723129272
f 171/1504/171 242/1505/242 264/1506/264
vt 0.9593194723129272 0.2851562500000000
vt 0.9414062500000000 0.3030694723129272
vt 0.9414062500000000 0.2851562500000000
f 265/1507/265 266/1508/266 243/1509/243
vt 0.9414062500000000 0.2773437500000000
vt 0.9414062500000000 0.2594305276870728
vt 0.9593194723129272 0.2773437500000000
f 265/1510/265 243/1511/243 173/1512/173
vt 0.3030694723129272 0.1835937500000000
vt 0.2851562500000000 0.1835937500000000
vt 0.2851562500000000 0.1656805276870728
f 267/1513/267 175/1514/175 268/1515/268
vt 0.4726562500000000 0.1656805276870728
vt 0.4905694723129272 0.1835937500000000
vt 0.4726562500000000 0.1835937500000000
f 267/1516/267 268/1517/268 269/1518/269
vt 0.4648437500000000 0.1835937500000000
vt 0.4469305276870728 0.1835937500000000
vt 0.4648437500000000 0.1656805276870728
f 267/1519/267 269/1520/269 265/1521/265
vt 0.4101562500000000 0.1468194723129272
vt 0.4101562500000000 0.1289062500000000
vt 0.4280694723129272 0.1289062500000000
f 268/1522/268 175/1523/175 103/1524/103
vt 0.4648437500000000 0.1468194723129272
vt 0.4469305276870728 0.1289062500000000
vt 0.4648437500000000 0.1289062500000000
f 268/1525/268 103/1526/103 270/1527/270
vt 0.8844305276870728 0.6289062500000000
vt 0.9335937500000000 0.6289062500000000
vt 0.9335937500000000 0.6780694723129272
f 258/1528/258 134/1529/134 263/1530/263
vt 0.9905694723129272 0.6289062500000000
vt 0.9414062500000000 0.6780694723129272
vt 0.9414062500000000 0.6289062500000000
f 258/1531/258 263/1532/263 299/1533/299
vt 0.0039062500000000 0.5664062500000000
vt 0.0530694797635078 0.5664062500000000
vt 0.0039062500000000 0.6155694723129272
f 258/1534/258 299/1535/299 272/1536/272
vt 0.3492742776870728 0.4062500000000000
vt 0.3710937500000000 0.3844305276870728
vt 0.3710937500000000 0.4280694723129272
f 234/1537/234 258/1538/258 272/1539/272
vt 0.9469305276870728 0.4414062500000000
vt 0.9648437500000000 0.4414062500000000
vt 0.9648437500000000 0.4593194723129272
f 234/1540/234 272/1541/272 273/1542/273
vt 0.3710937500000000 0.4905694723129272
vt 0.3492742776870728 0.4687500000000000
vt 0.3710937500000000 0.4469305276870728
f 257/1543/257 279/1544/279 274/1545/274
vt 0.3655694723129272 0.4414062500000000
vt 0.3437500000000000 0.4632257223129272
vt 0.3219305276870728 0.4414062500000000
f 257/1546/257 274/1547/274 275/1548/275
vt 0.0039062500000000 0.5094305276870728
vt 0.0530694797635078 0.5585937500000000
vt 0.0039062500000000 0.5585937500000000
f 257/1549/257 275/1550/275 259/1551/259
vt 0.2594305276870728 0.1835937500000000
vt 0.2773437500000000 0.1656805276870728
vt 0.2773437500000000 0.1835937500000000
f 257/1552/257 259/1553/259 237/1554/237
vt 0.5530694723129272 0.1835937500000000
vt 0.5351562500000000 0.1835937500000000
vt 0.5351562500000000 0.1656805276870728
f 260/1555/260 261/1556/261 152/1557/152
vt 0.0625000000000000 0.8069757223129272
vt 0.0094305220991373 0.7539062500000000
vt 0.1155694797635078 0.7539062500000000
f 272/1558/272 299/1559/299 276/1560/276
vt 0.1155694797635078 0.6210937500000000
vt 0.0664062500000000 0.6210937500000000
vt 0.0664062500000000 0.5719305276870728
f 272/1561/272 276/1562/276 277/1563/277
vt 0.4781805276870728 0.1523437500000000
vt 0.4960937500000000 0.1344305276870728
vt 0.4960937500000000 0.1523437500000000
f 272/1564/272 277/1565/277 278/1566/278
vt 0.4414062500000000 0.2773437500000000
vt 0.4414062500000000 0.2594305276870728
vt 0.4593194723129272 0.2773437500000000
f 279/1567/279 291/1568/291 280/1569/280
vt 0.5039062500000000 0.1344305276870728
vt 0.5218194723129272 0.1523437500000000
vt 0.5039062500000000 0.1523437500000000
f 279/1570/279 280/1571/280 281/1572/281
vt 0.5094305276870728 0.3164062500000000
vt 0.5273437500000000 0.3164062500000000
vt 0.5273437500000000 0.3343194723129272
f 279/1573/279 281/1574/281 274/1575/274
vt 0.3085937500000000 0.4280694723129272
vt 0.2867742776870728 0.4062500000000000
vt 0.3085937500000000 0.3844305276870728
f 275/1576/275 262/1577/262 260/1578/260
vt 0.2594305276870728 0.3789062500000000
vt 0.3030694723129272 0.3789062500000000
vt 0.2812500000000000 0.4007257223129272
f 275/1579/275 260/1580/260 259/1581/259
vt 0.5530694723129272 0.3164062500000000
vt 0.5351562500000000 0.3343194723129272
vt 0.5351562500000000 0.3164062500000000
f 338/1582/338 347/1583/347 413/1584/413
vt 0.5039062500000000 0.3476562500000000
vt 0.5218194723129272 0.3476562500000000
vt 0.5039062500000000 0.3655694723129272
f 347/1585/347 284/1586/284 413/1587/413
vt 0.5218194723129272 0.3398437500000000
vt 0.5039062500000000 0.3398437500000000
vt 0.5039062500000000 0.3219305276870728
f 282/1588/282 339/1589/339 304/1590/304
vt 0.5039062500000000 0.2851562500000000
vt 0.5218194723129272 0.2851562500000000
vt 0.5039062500000000 0.3030694723129272
f 284/1591/284 347/1592/347 328/1593/328
vt 0.5094305276870728 0.1835937500000000
vt 0.5273437500000000 0.1656805276870728
vt 0.5273437500000000 0.1835937500000000
f 285/1594/285 272/1595/272 278/1596/278
vt 0.0585937500000000 0.6210937500000000
vt 0.0094305220991373 0.6210937500000000
vt 0.0585937500000000 0.5719305276870728
f 285/1597/285 286/1598/286 287/1599/287
vt 0.0273437500000000 0.1914062500000000
vt 0.0273437500000000 0.2093194723129272
vt 0.0094305220991373 0.1914062500000000
f 285/1600/285 287/1601/287 272/1602/272
vt 0.0719305276870728 0.5585937500000000
vt 0.1210937500000000 0.5094305276870728
vt 0.1210937500000000 0.5585937500000000
f 287/1603/287 286/1604/286 288/1605/288
vt 0.3219305276870728 0.3789062500000000
vt 0.3655694723129272 0.3789062500000000
vt 0.3437500000000000 0.4007257223129272
f 287/1606/287 288/1607/288 374/1608/374
vt 0.3164062500000000 0.3844305276870728
vt 0.3382257223129272 0.4062500000000000
vt 0.3164062500000000 0.4280694723129272
f 287/1609/287 374/1610/374 289/1611/289
vt 0.0351562500000000 0.1914062500000000
vt 0.0530694797635078 0.1914062500000000
vt 0.0351562500000000 0.2093194723129272
f 287/1612/287 289/1613/289 273/1614/273
vt 0.3164062500000000 0.2405694723129272
vt 0.3164062500000000 0.2226562500000000
vt 0.3343194723129272 0.2226562500000000
f 287/1615/287 273/1616/273 272/1617/272
vt 0.1210937500000000 0.6155694723129272
vt 0.0719305276870728 0.5664062500000000
vt 0.1210937500000000 0.5664062500000000
f 286/1618/286 278/1619/278 277/1620/277
vt 0.0585937500000000 0.5039062500000000
vt 0.0585937500000000 0.5530694723129272
vt 0.0094305220991373 0.5039062500000000
f 286/1621/286 277/1622/277 290/1623/290
vt 0.4280694723129272 0.4414062500000000
vt 0.4062500000000000 0.4632257223129272
vt 0.3844305276870728 0.4414062500000000
f 286/1624/286 290/1625/290 281/1626/281
vt 0.0664062500000000 0.5039062500000000
vt 0.1155694797635078 0.5039062500000000
vt 0.0664062500000000 0.5530694723129272
f 286/1627/286 280/1628/280 288/1629/288
vt 0.9726562500000000 0.4593194723129272
vt 0.9726562500000000 0.4414062500000000
vt 0.9905694723129272 0.4414062500000000
f 291/1630/291 292/1631/292 388/1632/388
vt 0.3789062500000000 0.4905694723129272
vt 0.3789062500000000 0.4469305276870728
vt 0.4007257223129272 0.4687500000000000
f 291/1633/291 388/1634/388 293/1635/293
vt 0.3789062500000000 0.3844305276870728
vt 0.4007257223129272 0.4062500000000000
vt 0.3789062500000000 0.4280694723129272
f 291/1636/291 293/1637/293 288/1638/288
vt 0.4062500000000000 0.4117742776870728
vt 0.4280694723129272 0.4335937500000000
vt 0.3844305276870728 0.4335937500000000
f 291/1639/291 288/1640/288 280/1641/280
vt 0.1819757223129272 0.8125000000000000
vt 0.1289062500000000 0.8655694723129272
vt 0.1289062500000000 0.7594305276870728
f 290/1642/290 277/1643/277 294/1644/294
vt 0.1289062500000000 0.5664062500000000
vt 0.1780694723129272 0.5664062500000000
vt 0.1289062500000000 0.6155694723129272
f 290/1645/290 294/1646/294 274/1647/274
vt 0.9156805276870728 0.4023437500000000
vt 0.9335937500000000 0.3844305276870728
vt 0.9335937500000000 0.4023437500000000
f 290/1648/290 274/1649/274 281/1650/281
vt 0.5039062500000000 0.2773437500000000
vt 0.5039062500000000 0.2594305276870728
vt 0.5218194723129272 0.2773437500000000
f 412/1651/412 330/1652/330 283/1653/283
vt 0.0039062500000000 0.2405694723129272
vt 0.0039062500000000 0.2226562500000000
vt 0.0218194779008627 0.2226562500000000
f 412/1654/412 283/1655/283 282/1656/282
vt 0.5351562500000000 0.2906805276870728
vt 0.5530694723129272 0.3085937500000000
vt 0.5351562500000000 0.3085937500000000
f 328/1657/328 295/1658/295 284/1659/284
vt 0.0039062500000000 0.2148437500000000
vt 0.0039062500000000 0.1969305276870728
vt 0.0218194779008627 0.2148437500000000
f 295/1660/295 297/1661/297 284/1662/284
vt 0.5273437500000000 0.3085937500000000
vt 0.5094305276870728 0.3085937500000000
vt 0.5273437500000000 0.2906805276870728
f 297/1663/297 302/1664/302 284/1665/284
vt 0.2226562500000000 0.3164062500000000
vt 0.2405694723129272 0.3164062500000000
vt 0.2226562500000000 0.3343194723129272
f 341/1666/341 412/1667/412 303/1668/303
vt 0.5843194723129272 0.3476562500000000
vt 0.5664062500000000 0.3655694723129272
vt 0.5664062500000000 0.3476562500000000
f 341/1669/341 296/1670/296 412/1671/412
vt 0.3164062500000000 0.1969305276870728
vt 0.3343194723129272 0.2148437500000000
vt 0.3164062500000000 0.2148437500000000
f 231/1672/231 243/1673/243 266/1674/266
vt 0.4632257223129272 0.4687500000000000
vt 0.4414062500000000 0.4905694723129272
vt 0.4414062500000000 0.4469305276870728
f 231/1675/231 266/1676/266 299/1677/299
vt 0.4905694723129272 0.4960937500000000
vt 0.4469305276870728 0.4960937500000000
vt 0.4687500000000000 0.4742742776870728
f 231/1678/231 299/1679/299 263/1680/263
vt 0.1875000000000000 0.8180242776870728
vt 0.2405694723129272 0.8710937500000000
vt 0.1344305276870728 0.8710937500000000
f 276/1681/276 299/1682/299 203/1683/203
vt 0.1930242776870728 0.8125000000000000
vt 0.2460937500000000 0.7594305276870728
vt 0.2460937500000000 0.8655694723129272
f 294/1684/294 219/1685/219 275/1686/275
vt 0.1289062500000000 0.5094305276870728
vt 0.1780694723129272 0.5585937500000000
vt 0.1289062500000000 0.5585937500000000
f 294/1687/294 275/1688/275 274/1689/274
vt 0.3844305276870728 0.4960937500000000
vt 0.4062500000000000 0.4742742776870728
vt 0.4280694723129272 0.4960937500000000
f 300/1690/300 262/1691/262 275/1692/275
vt 0.4117742776870728 0.4687500000000000
vt 0.4335937500000000 0.4469305276870728
vt 0.4335937500000000 0.4905694723129272
f 300/1693/300 275/1694/275 301/1695/301
vt 0.3476562500000000 0.2460937500000000
vt 0.3476562500000000 0.2281805276870728
vt 0.3655694723129272 0.2460937500000000
f 300/1696/300 301/1697/301 241/1698/241
vt 0.3398437500000000 0.2281805276870728
vt 0.3398437500000000 0.2460937500000000
vt 0.3219305276870728 0.2460937500000000
f 300/1699/300 241/1700/241 262/1701/262
vt 0.5664062500000000 0.3398437500000000
vt 0.5664062500000000 0.3219305276870728
vt 0.5843194723129272 0.3398437500000000
f 339/1702/339 342/1703/342 304/1704/304
vt 0.5976562500000000 0.3531805276870728
vt 0.6155694723129272 0.3710937500000000
vt 0.5976562500000000 0.3710937500000000
f 341/1705/341 303/1706/303 352/1707/352
vt 0.5898437500000000 0.3710937500000000
vt 0.5719305276870728 0.3710937500000000
vt 0.5898437500000000 0.3531805276870728
f 305/1708/305 298/1709/298 302/1710/302
vt 0.2405694723129272 0.7539062500000000
vt 0.1875000000000000 0.8069757223129272
vt 0.1344305276870728 0.7539062500000000
f 203/1711/203 299/1712/299 266/1713/266
vt 0.2539062500000000 0.8655694723129272
vt 0.2539062500000000 0.7594305276870728
vt 0.3069757223129272 0.8125000000000000
f 203/1714/203 266/1715/266 269/1716/269
vt 0.4905694723129272 0.4335937500000000
vt 0.4469305276870728 0.4335937500000000
vt 0.4687500000000000 0.4117742776870728
f 203/1717/203 269/1718/269 270/1719/270
vt 0.1914062500000000 0.6210937500000000
vt 0.1914062500000000 0.5719305276870728
vt 0.2405694723129272 0.6210937500000000
f 301/1720/301 275/1721/275 271/1722/271
vt 0.9335937500000000 0.4280694723129272
vt 0.9156805276870728 0.4101562500000000
vt 0.9335937500000000 0.4101562500000000
f 301/1723/301 271/1724/271 264/1725/264
vt 0.0218194779008627 0.1601562500000000
vt 0.0039062500000000 0.1780694723129272
vt 0.0039062500000000 0.1601562500000000
f 301/1726/301 264/1727/264 242/1728/242
vt 0.0039062500000000 0.1523437500000000
vt 0.0039062500000000 0.1344305276870728
vt 0.0218194779008627 0.1523437500000000
f 301/1729/301 242/1730/242 241/1731/241
vt 0.5351562500000000 0.3531805276870728
vt 0.5530694723129272 0.3710937500000000
vt 0.5351562500000000 0.3710937500000000
f 309/1732/309 345/1733/345 311/1734/311
vt 0.5273437500000000 0.3710937500000000
vt 0.5094305276870728 0.3710937500000000
vt 0.5273437500000000 0.3531805276870728
f 336/1735/336 308/1736/308 314/1737/314
vt 0.5585937500000000 0.3398437500000000
vt 0.5406805276870728 0.3398437500000000
vt 0.5585937500000000 0.3219305276870728
f 336/1738/336 314/1739/314 334/1740/334
vt 0.5585937500000000 0.3476562500000000
vt 0.5585937500000000 0.3655694723129272
vt 0.5406805276870728 0.3476562500000000
f 345/1741/345 306/1742/306 311/1743/311
vt 0.6155694723129272 0.3085937500000000
vt 0.5976562500000000 0.3085937500000000
vt 0.5976562500000000 0.2906805276870728
f 314/1744/314 327/1745/327 334/1746/334
vt 0.2851562500000000 0.2460937500000000
vt 0.2851562500000000 0.2281805276870728
vt 0.3030694723129272 0.2460937500000000
f 307/1747/307 309/1748/309 310/1749/310
vt 0.5898437500000000 0.2906805276870728
vt 0.5898437500000000 0.3085937500000000
vt 0.5719305276870728 0.3085937500000000
f 306/1750/306 343/1751/343 311/1752/311
vt 0.6210937500000000 0.2773437500000000
vt 0.6031805276870728 0.2773437500000000
vt 0.6210937500000000 0.2594305276870728
f 310/1753/310 309/1754/309 317/1755/317
vt 0.4960937500000000 0.4280694723129272
vt 0.4742742776870728 0.4062500000000000
vt 0.4960937500000000 0.3844305276870728
f 266/1756/266 265/1757/265 269/1758/269
vt 0.0351562500000000 0.1835937500000000
vt 0.0351562500000000 0.1656805276870728
vt 0.0530694797635078 0.1835937500000000
f 343/1759/343 344/1760/344 311/1761/311
vt 0.4960937500000000 0.4469305276870728
vt 0.4960937500000000 0.4905694723129272
vt 0.4742742776870728 0.4687500000000000
f 203/1762/203 103/1763/103 206/1764/206
vt 0.9023437500000000 0.3968194723129272
vt 0.8844305276870728 0.3789062500000000
vt 0.9023437500000000 0.3789062500000000
f 103/1765/103 203/1766/203 270/1767/270
vt 0.1835937500000000 0.2594305276870728
vt 0.1835937500000000 0.2773437500000000
vt 0.1656805276870728 0.2773437500000000
f 103/1768/103 312/1769/312 206/1770/206
vt 0.3125000000000000 0.8180242776870728
vt 0.3655694723129272 0.8710937500000000
vt 0.2594305276870728 0.8710937500000000
f 219/1771/219 216/1772/216 275/1773/275
vt 0.6210937500000000 0.3030694723129272
vt 0.6031805276870728 0.2851562500000000
vt 0.6210937500000000 0.2851562500000000
f 313/1774/313 327/1775/327 314/1776/314
vt 0.3180242776870728 0.8125000000000000
vt 0.3710937500000000 0.7594305276870728
vt 0.3710937500000000 0.8655694723129272
f 216/1777/216 271/1778/271 275/1779/275
vt 0.6210937500000000 0.3398437500000000
vt 0.6031805276870728 0.3398437500000000
vt 0.6210937500000000 0.3219305276870728
f 313/1780/313 314/1781/314 411/1782/411
vt 0.6210937500000000 0.3655694723129272
vt 0.6031805276870728 0.3476562500000000
vt 0.6210937500000000 0.3476562500000000
f 313/1783/313 411/1784/411 333/1785/333
vt 0.0273437500000000 0.1656805276870728
vt 0.0273437500000000 0.1835937500000000
vt 0.0094305220991373 0.1835937500000000
f 310/1786/310 317/1787/317 349/1788/349
vt 0.1656805276870728 0.2851562500000000
vt 0.1835937500000000 0.2851562500000000
vt 0.1835937500000000 0.3030694723129272
f 337/1789/337 335/1790/335 311/1791/311
vt 0.1523437500000000 0.2539062500000000
vt 0.1523437500000000 0.2718194723129272
vt 0.1344305276870728 0.2539062500000000
f 344/1792/344 337/1793/337 311/1794/311
vt 0.5898437500000000 0.3164062500000000
vt 0.5898437500000000 0.3343194723129272
vt 0.5719305276870728 0.3164062500000000
f 333/1795/333 411/1796/411 332/1797/332
vt 0.5976562500000000 0.3164062500000000
vt 0.6155694723129272 0.3164062500000000
vt 0.5976562500000000 0.3343194723129272
f 318/1798/318 319/1799/319 315/1800/315
vt 0.1601562500000000 0.2718194723129272
vt 0.1601562500000000 0.2539062500000000
vt 0.1780694723129272 0.2539062500000000
f 335/1801/335 320/1802/320 311/1803/311
vt 0.5585937500000000 0.2594305276870728
vt 0.5585937500000000 0.2773437500000000
vt 0.5406805276870728 0.2773437500000000
f 411/1804/411 316/1805/316 332/1806/332
vt 0.5585937500000000 0.3030694723129272
vt 0.5406805276870728 0.2851562500000000
vt 0.5585937500000000 0.2851562500000000
f 318/1807/318 360/1808/360 319/1809/319
vt 0.5273437500000000 0.2539062500000000
vt 0.5273437500000000 0.2718194723129272
vt 0.5094305276870728 0.2539062500000000
f 360/1810/360 411/1811/411 319/1812/319
vt 0.5351562500000000 0.2718194723129272
vt 0.5351562500000000 0.2539062500000000
vt 0.5530694723129272 0.2539062500000000
f 360/1813/360 316/1814/316 411/1815/411
vt 0.5898437500000000 0.2539062500000000
vt 0.5898437500000000 0.2718194723129272
vt 0.5719305276870728 0.2539062500000000
f 349/1816/349 317/1817/317 320/1818/320
vt 0.2148437500000000 0.2718194723129272
vt 0.1969305276870728 0.2539062500000000
vt 0.2148437500000000 0.2539062500000000
f 219/1819/219 218/1820/218 216/1821/216
vt 0.4687500000000000 0.4632257223129272
vt 0.4469305276870728 0.4414062500000000
vt 0.4905694723129272 0.4414062500000000
f 321/1822/321 322/1823/322 221/1824/221
vt 0.4117742776870728 0.4062500000000000
vt 0.4335937500000000 0.3844305276870728
vt 0.4335937500000000 0.4280694723129272
f 312/1825/312 217/1826/217 323/1827/323
vt 0.3844305276870728 0.3789062500000000
vt 0.4280694723129272 0.3789062500000000
vt 0.4062500000000000 0.4007257223129272
f 312/1828/312 323/1829/323 206/1830/206
vt 0.2594305276870728 0.7539062500000000
vt 0.3655694723129272 0.7539062500000000
vt 0.3125000000000000 0.8069757223129272
f 221/1831/221 322/1832/322 239/1833/239
vt 0.6155694723129272 0.2539062500000000
vt 0.5976562500000000 0.2718194723129272
vt 0.5976562500000000 0.2539062500000000
f 221/1834/221 239/1835/239 110/1836/110
vt 0.4687500000000000 0.4007257223129272
vt 0.4469305276870728 0.3789062500000000
vt 0.4905694723129272 0.3789062500000000
f 244/1837/244 124/1838/124 323/1839/323
vt 0.1835937500000000 0.6210937500000000
vt 0.1344305276870728 0.6210937500000000
vt 0.1835937500000000 0.5719305276870728
f 244/1840/244 323/1841/323 217/1842/217
vt 0.4319757223129272 0.8125000000000000
vt 0.3789062500000000 0.8655694723129272
vt 0.3789062500000000 0.7594305276870728
f 323/1843/323 124/1844/124 325/1845/325
vt 0.2460937500000000 0.5585937500000000
vt 0.1969305276870728 0.5585937500000000
vt 0.2460937500000000 0.5094305276870728
f 322/1846/322 324/1847/324 239/1848/239
vt 0.4375000000000000 0.8180242776870728
vt 0.4905694723129272 0.8710937500000000
vt 0.3844305276870728 0.8710937500000000
f 325/1849/325 124/1850/124 239/1851/239
vt 0.4960937500000000 0.7594305276870728
vt 0.4960937500000000 0.8655694723129272
vt 0.4430242776870728 0.8125000000000000
f 239/1852/239 124/1853/124 114/1854/114
vt 0.2460937500000000 0.6155694723129272
vt 0.1969305276870728 0.5664062500000000
vt 0.2460937500000000 0.5664062500000000
f 239/1855/239 114/1856/114 226/1857/226
vt 0.4414062500000000 0.4280694723129272
vt 0.4414062500000000 0.3844305276870728
vt 0.4632257223129272 0.4062500000000000
f 325/1858/325 239/1859/239 324/1860/324
vt 0.0664062500000000 0.2405694723129272
vt 0.0664062500000000 0.2226562500000000
vt 0.0843194723129272 0.2226562500000000
f 325/1861/325 326/1862/326 324/1863/324
vt 0.4960937500000000 0.1780694723129272
vt 0.4781805276870728 0.1601562500000000
vt 0.4960937500000000 0.1601562500000000
f 208/1864/208 325/1865/325 326/1866/326
vt 0.4726562500000000 0.1289062500000000
vt 0.4905694723129272 0.1289062500000000
vt 0.4726562500000000 0.1468194723129272
f 208/1867/208 326/1868/326 324/1869/324
vt 0.5664062500000000 0.2851562500000000
vt 0.5843194723129272 0.2851562500000000
vt 0.5664062500000000 0.3030694723129272
f 296/1870/296 330/1871/330 412/1872/412
vt 0.5843194723129272 0.2773437500000000
vt 0.5664062500000000 0.2773437500000000
vt 0.5664062500000000 0.2594305276870728
f 330/1873/330 296/1874/296 283/1875/283
vt 0.6523437500000000 0.3164062500000000
vt 0.6523437500000000 0.3343194723129272
vt 0.6344305276870728 0.3164062500000000
f 302/1876/302 353/1877/353 305/1878/305
vt 0.6601562500000000 0.3164062500000000
vt 0.6780694723129272 0.3164062500000000
vt 0.6601562500000000 0.3343194723129272
f 345/1879/345 343/1880/343 306/1881/306
vt 0.2226562500000000 0.2718194723129272
vt 0.2226562500000000 0.2539062500000000
vt 0.2405694723129272 0.2539062500000000
f 338/1882/338 357/1883/357 346/1884/346
vt 0.9280694723129272 0.3789062500000000
vt 0.9101562500000000 0.3968194723129272
vt 0.9101562500000000 0.3789062500000000
f 338/1885/338 346/1886/346 347/1887/347
vt 0.1914062500000000 0.2851562500000000
vt 0.2093194723129272 0.2851562500000000
vt 0.1914062500000000 0.3030694723129272
f 282/1888/282 283/1889/283 351/1890/351
vt 0.6289062500000000 0.3655694723129272
vt 0.6289062500000000 0.3476562500000000
vt 0.6468194723129272 0.3476562500000000
f 338/1891/338 298/1892/298 355/1893/355
vt 0.9648437500000000 0.3789062500000000
vt 0.9648437500000000 0.3968194723129272
vt 0.9469305276870728 0.3789062500000000
f 338/1894/338 355/1895/355 357/1896/357
vt 0.6468194723129272 0.3398437500000000
vt 0.6289062500000000 0.3398437500000000
vt 0.6289062500000000 0.3219305276870728
f 328/1897/328 329/1898/329 295/1899/295
vt 0.1914062500000000 0.2594305276870728
vt 0.2093194723129272 0.2773437500000000
vt 0.1914062500000000 0.2773437500000000
f 342/1900/342 339/1901/339 341/1902/341
vt 0.9905694723129272 0.3789062500000000
vt 0.9726562500000000 0.3968194723129272
vt 0.9726562500000000 0.3789062500000000
f 339/1903/339 340/1904/340 341/1905/341
vt 0.2773437500000000 0.2460937500000000
vt 0.2594305276870728 0.2460937500000000
vt 0.2773437500000000 0.2281805276870728
f 355/1906/355 298/1907/298 305/1908/305
vt 0.0843194723129272 0.2148437500000000
vt 0.0664062500000000 0.2148437500000000
vt 0.0664062500000000 0.1969305276870728
f 355/1909/355 305/1910/305 297/1911/297
vt 0.6289062500000000 0.3030694723129272
vt 0.6289062500000000 0.2851562500000000
vt 0.6468194723129272 0.2851562500000000
f 355/1912/355 297/1913/297 295/1914/295
vt 0.9414062500000000 0.4101562500000000
vt 0.9593194723129272 0.4101562500000000
vt 0.9414062500000000 0.4280694723129272
f 355/1915/355 295/1916/295 362/1917/362
vt 0.6468194723129272 0.2773437500000000
vt 0.6289062500000000 0.2773437500000000
vt 0.6289062500000000 0.2594305276870728
f 353/1918/353 302/1919/302 297/1920/297
vt 0.6780694723129272 0.3085937500000000
vt 0.6601562500000000 0.3085937500000000
vt 0.6601562500000000 0.2906805276870728
f 342/1921/342 352/1922/352 303/1923/303
vt 0.2773437500000000 0.3164062500000000
vt 0.2773437500000000 0.3343194723129272
vt 0.2594305276870728 0.3164062500000000
f 344/1924/344 345/1925/345 309/1926/309
vt 0.0976562500000000 0.2460937500000000
vt 0.0976562500000000 0.2281805276870728
vt 0.1155694797635078 0.2460937500000000
f 307/1927/307 344/1928/344 309/1929/309
vt 0.3030694723129272 0.3164062500000000
vt 0.2851562500000000 0.3343194723129272
vt 0.2851562500000000 0.3164062500000000
f 310/1930/310 356/1931/356 307/1932/307
vt 0.6523437500000000 0.3085937500000000
vt 0.6344305276870728 0.3085937500000000
vt 0.6523437500000000 0.2906805276870728
f 320/1933/320 354/1934/354 349/1935/349
vt 0.9593194723129272 0.4023437500000000
vt 0.9414062500000000 0.4023437500000000
vt 0.9414062500000000 0.3844305276870728
f 351/1936/351 339/1937/339 282/1938/282
vt 0.2718194723129272 0.3476562500000000
vt 0.2539062500000000 0.3655694723129272
vt 0.2539062500000000 0.3476562500000000
f 341/1939/341 361/1940/361 296/1941/296
vt 0.0898437500000000 0.2460937500000000
vt 0.0719305202364922 0.2460937500000000
vt 0.0898437500000000 0.2281805276870728
f 336/1942/336 313/1943/313 308/1944/308
vt 0.2539062500000000 0.3398437500000000
vt 0.2539062500000000 0.3219305276870728
vt 0.2718194723129272 0.3398437500000000
f 313/1945/313 359/1946/359 308/1947/308
vt 0.2718194723129272 0.2851562500000000
vt 0.2539062500000000 0.3030694723129272
vt 0.2539062500000000 0.2851562500000000
f 315/1948/315 350/1949/350 318/1950/318
vt 0.2718194723129272 0.2773437500000000
vt 0.2539062500000000 0.2773437500000000
vt 0.2539062500000000 0.2594305276870728
f 313/1951/313 333/1952/333 359/1953/359
vt 0.2851562500000000 0.2906805276870728
vt 0.3030694723129272 0.3085937500000000
vt 0.2851562500000000 0.3085937500000000
f 349/1954/349 356/1955/356 310/1956/310
vt 0.2594305276870728 0.3085937500000000
vt 0.2773437500000000 0.2906805276870728
vt 0.2773437500000000 0.3085937500000000
f 337/1957/337 344/1958/344 354/1959/354
vt 0.7093194723129272 0.3476562500000000
vt 0.6914062500000000 0.3655694723129272
vt 0.6914062500000000 0.3476562500000000
f 337/1960/337 354/1961/354 331/1962/331
vt 0.3164062500000000 0.3476562500000000
vt 0.3343194723129272 0.3476562500000000
vt 0.3164062500000000 0.3655694723129272
f 318/1963/318 350/1964/350 360/1965/360
vt 0.3343194723129272 0.3398437500000000
vt 0.3164062500000000 0.3398437500000000
vt 0.3164062500000000 0.3219305276870728
f 349/1966/349 354/1967/354 364/1968/364
vt 0.0273437500000000 0.3164062500000000
vt 0.0273437500000000 0.3343194723129272
vt 0.0094305220991373 0.3164062500000000
f 361/1969/361 351/1970/351 283/1971/283
vt 0.3476562500000000 0.3710937500000000
vt 0.3476562500000000 0.3531805276870728
vt 0.3655694723129272 0.3710937500000000
f 296/1972/296 361/1973/361 283/1974/283
vt 0.6914062500000000 0.3398437500000000
vt 0.6914062500000000 0.3219305276870728
vt 0.7093194723129272 0.3398437500000000
f 295/1975/295 329/1976/329 347/1977/347
vt 0.7226562500000000 0.3531805276870728
vt 0.7405694723129272 0.3710937500000000
vt 0.7226562500000000 0.3710937500000000
f 327/1978/327 313/1979/313 336/1980/336
vt 0.7148437500000000 0.3531805276870728
vt 0.7148437500000000 0.3710937500000000
vt 0.6969305276870728 0.3710937500000000
f 344/1981/344 348/1982/348 364/1983/364
vt 0.6601562500000000 0.3531805276870728
vt 0.6780694723129272 0.3710937500000000
vt 0.6601562500000000 0.3710937500000000
f 344/1984/344 364/1985/364 354/1986/354
vt 0.3398437500000000 0.3710937500000000
vt 0.3219305276870728 0.3710937500000000
vt 0.3398437500000000 0.3531805276870728
f 347/1987/347 358/1988/358 295/1989/295
vt 0.6523437500000000 0.3710937500000000
vt 0.6344305276870728 0.3710937500000000
vt 0.6523437500000000 0.3531805276870728
f 329/1990/329 328/1991/328 347/1992/347
vt 0.3030694723129272 0.3710937500000000
vt 0.2851562500000000 0.3710937500000000
vt 0.2851562500000000 0.3531805276870728
f 339/1993/339 351/1994/351 363/1995/363
vt 0.6835937500000000 0.3219305276870728
vt 0.6835937500000000 0.3398437500000000
vt 0.6656805276870728 0.3398437500000000
f 337/1996/337 331/1997/331 335/1998/335
vt 0.6656805276870728 0.3476562500000000
vt 0.6835937500000000 0.3476562500000000
vt 0.6835937500000000 0.3655694723129272
f 332/1999/332 316/2000/316 333/2001/333
vt 0.7226562500000000 0.2906805276870728
vt 0.7405694723129272 0.3085937500000000
vt 0.7226562500000000 0.3085937500000000
f 360/2002/360 333/2003/333 316/2004/316
vt 0.2773437500000000 0.3710937500000000
vt 0.2594305276870728 0.3710937500000000
vt 0.2773437500000000 0.3531805276870728
f 358/2005/358 362/2006/362 295/2007/295
vt 0.3085937500000000 0.3398437500000000
vt 0.2906805276870728 0.3398437500000000
vt 0.3085937500000000 0.3219305276870728
f 340/2008/340 361/2009/361 341/2010/341
vt 0.2906805276870728 0.3476562500000000
vt 0.3085937500000000 0.3476562500000000
vt 0.3085937500000000 0.3655694723129272
f 307/2011/307 356/2012/356 348/2013/348
vt 0.6969305276870728 0.3085937500000000
vt 0.7148437500000000 0.2906805276870728
vt 0.7148437500000000 0.3085937500000000
f 307/2014/307 348/2015/348 344/2016/344
vt 0.7460937500000000 0.2594305276870728
vt 0.7460937500000000 0.2773437500000000
vt 0.7281805276870728 0.2773437500000000
f 352/2017/352 342/2018/342 341/2019/341
vt 0.3085937500000000 0.2148437500000000
vt 0.2906805276870728 0.2148437500000000
vt 0.3085937500000000 0.1969305276870728
f 343/2020/343 345/2021/345 344/2022/344
vt 0.0530694797635078 0.2460937500000000
vt 0.0351562500000000 0.2460937500000000
vt 0.0351562500000000 0.2281805276870728
f 354/2023/354 320/2024/320 335/2025/335
vt 0.7460937500000000 0.3030694723129272
vt 0.7281805276870728 0.2851562500000000
vt 0.7460937500000000 0.2851562500000000
f 305/2026/305 353/2027/353 297/2028/297
vt 0.0094305220991373 0.2460937500000000
vt 0.0273437481373549 0.2281805276870728
vt 0.0273437500000000 0.2460937500000000
f 327/2029/327 336/2030/336 334/2031/334
vt 0.7460937500000000 0.3398437500000000
vt 0.7281805276870728 0.3398437500000000
vt 0.7460937500000000 0.3219305276870728
f 335/2032/335 331/2033/331 354/2034/354
vt 0.3655694723129272 0.3085937500000000
vt 0.3476562500000000 0.3085937500000000
vt 0.3476562500000000 0.2906805276870728
f 315/2035/315 308/2036/308 359/2037/359
vt 0.3398437500000000 0.2906805276870728
vt 0.3398437500000000 0.3085937500000000
vt 0.3219305276870728 0.3085937500000000
f 363/2038/363 340/2039/340 339/2040/339
vt 0.3710937500000000 0.2773437500000000
vt 0.3531805276870728 0.2773437500000000
vt 0.3710937500000000 0.2594305276870728
f 358/2041/358 347/2042/347 346/2043/346
vt 0.3710937500000000 0.2851562500000000
vt 0.3710937500000000 0.3030694723129272
vt 0.3531805276870728 0.2851562500000000
f 333/2044/333 360/2045/360 359/2046/359
vt 0.3531805276870728 0.3398437500000000
vt 0.3710937500000000 0.3219305276870728
vt 0.3710937500000000 0.3398437500000000
f 356/2047/356 375/2048/375 380/2049/380
vt 0.3710937500000000 0.3476562500000000
vt 0.3710937500000000 0.3655694723129272
vt 0.3531805276870728 0.3476562500000000
f 348/2050/348 356/2051/356 380/2052/380
vt 0.0351562500000000 0.3343194723129272
vt 0.0351562500000000 0.3164062500000000
vt 0.0530694797635078 0.3164062500000000
f 375/2053/375 356/2054/356 349/2055/349
vt 0.0039062500000000 0.3655694723129272
vt 0.0039062500000000 0.3476562500000000
vt 0.0218194779008627 0.3476562500000000
f 360/2056/360 350/2057/350 384/2058/384
vt 0.3398437500000000 0.3343194723129272
vt 0.3219305276870728 0.3164062500000000
vt 0.3398437500000000 0.3164062500000000
f 360/2059/360 384/2060/384 359/2061/359
vt 0.7460937500000000 0.3476562500000000
vt 0.7460937500000000 0.3655694723129272
vt 0.7281805276870728 0.3476562500000000
f 364/2062/364 375/2063/375 349/2064/349
vt 0.3476562500000000 0.3164062500000000
vt 0.3655694723129272 0.3164062500000000
vt 0.3476562500000000 0.3343194723129272
f 362/2065/362 357/2066/357 355/2067/355
vt 0.3085937500000000 0.2594305276870728
vt 0.3085937500000000 0.2773437500000000
vt 0.2906805276870728 0.2773437500000000
f 364/2068/364 348/2069/348 380/2070/380
vt 0.3085937500000000 0.3030694723129272
vt 0.2906805276870728 0.2851562500000000
vt 0.3085937500000000 0.2851562500000000
f 357/2071/357 377/2072/377 346/2073/346
vt 0.2773437500000000 0.2539062500000000
vt 0.2773437500000000 0.2718194723129272
vt 0.2594305276870728 0.2539062500000000
f 359/2074/359 378/2075/378 350/2076/350
vt 0.2851562500000000 0.2718194723129272
vt 0.2851562500000000 0.2539062500000000
vt 0.3030694723129272 0.2539062500000000
f 359/2077/359 350/2078/350 315/2079/315
vt 0.6969305276870728 0.3164062500000000
vt 0.7148437500000000 0.3164062500000000
vt 0.7148437500000000 0.3343194723129272
f 350/2080/350 378/2081/378 384/2082/384
vt 0.3219305276870728 0.2539062500000000
vt 0.3398437500000000 0.2539062500000000
vt 0.3398437500000000 0.2718194723129272
f 357/2083/357 362/2084/362 377/2085/377
vt 0.3655694723129272 0.2539062500000000
vt 0.3476562500000000 0.2718194723129272
vt 0.3476562500000000 0.2539062500000000
f 351/2086/351 379/2087/379 363/2088/363
vt 0.3164062500000000 0.2851562500000000
vt 0.3343194723129272 0.2851562500000000
vt 0.3164062500000000 0.3030694723129272
f 361/2089/361 340/2090/340 376/2091/376
vt 0.3164062500000000 0.2773437500000000
vt 0.3164062500000000 0.2594305276870728
vt 0.3343194723129272 0.2773437500000000
f 358/2092/358 346/2093/346 383/2094/383
vt 0.0406805202364922 0.2148437500000000
vt 0.0585937500000000 0.1969305276870728
vt 0.0585937500000000 0.2148437500000000
f 365/2095/365 253/2096/253 252/2097/252
vt 0.4375000000000000 0.8069757223129272
vt 0.3844305276870728 0.7539062500000000
vt 0.4905694723129272 0.7539062500000000
f 365/2098/365 252/2099/252 370/2100/370
vt 0.5094305276870728 0.4414062500000000
vt 0.5530694723129272 0.4414062500000000
vt 0.5312500000000000 0.4632257223129272
f 365/2101/365 370/2102/370 407/2103/407
vt 0.5039062500000000 0.4905694723129272
vt 0.5039062500000000 0.4469305276870728
vt 0.5257257223129272 0.4687500000000000
f 365/2104/365 407/2105/407 366/2106/366
vt 0.3085937500000000 0.2226562500000000
vt 0.3085937500000000 0.2405694723129272
vt 0.2906805276870728 0.2226562500000000
f 365/2107/365 366/2108/366 367/2109/367
vt 0.0406805202364922 0.2226562500000000
vt 0.0585937500000000 0.2226562500000000
vt 0.0585937500000000 0.2405694723129272
f 365/2110/365 367/2111/367 253/2112/253
vt 0.5039062500000000 0.8655694723129272
vt 0.5039062500000000 0.7594305276870728
vt 0.5569757223129272 0.8125000000000000
f 368/2113/368 253/2114/253 367/2115/367
vt 0.6155694723129272 0.8710937500000000
vt 0.5094305276870728 0.8710937500000000
vt 0.5625000000000000 0.8180242776870728
f 368/2116/368 367/2117/367 369/2118/369
vt 0.1835937500000000 0.5039062500000000
vt 0.1835937500000000 0.5530694723129272
vt 0.1344305276870728 0.5039062500000000
f 368/2119/368 369/2120/369 372/2121/372
vt 0.5039062500000000 0.4280694723129272
vt 0.5039062500000000 0.3844305276870728
vt 0.5257257223129272 0.4062500000000000
f 368/2122/368 372/2123/372 371/2124/371
vt 0.6210937500000000 0.8655694723129272
vt 0.5680242776870728 0.8125000000000000
vt 0.6210937500000000 0.7594305276870728
f 370/2125/370 252/2126/252 234/2127/234
vt 0.0218194779008627 0.3398437500000000
vt 0.0039062500000000 0.3398437500000000
vt 0.0039062500000000 0.3219305276870728
f 370/2128/370 409/2129/409 407/2130/407
vt 0.1914062500000000 0.5530694723129272
vt 0.1914062500000000 0.5039062500000000
vt 0.2405694723129272 0.5039062500000000
f 371/2131/371 372/2132/372 373/2133/373
vt 0.2539062500000000 0.9960937500000000
vt 0.2539062500000000 0.8844305276870728
vt 0.3655694723129272 0.9960937500000000
f 371/2134/371 373/2135/373 279/2136/279
vt 0.5094305276870728 0.7539062500000000
vt 0.6155694723129272 0.7539062500000000
vt 0.5625000000000000 0.8069757223129272
f 371/2137/371 279/2138/279 256/2139/256
vt 0.3030694723129272 0.5664062500000000
vt 0.2539062500000000 0.6155694723129272
vt 0.2539062500000000 0.5664062500000000
f 370/2140/370 234/2141/234 273/2142/273
vt 0.4023437500000000 0.3343194723129272
vt 0.3844305276870728 0.3164062500000000
vt 0.4023437500000000 0.3164062500000000
f 370/2143/370 273/2144/273 289/2145/289
vt 0.7226562500000000 0.3164062500000000
vt 0.7405694723129272 0.3164062500000000
vt 0.7226562500000000 0.3343194723129272
f 370/2146/370 289/2147/289 409/2148/409
vt 0.4101562500000000 0.3343194723129272
vt 0.4101562500000000 0.3164062500000000
vt 0.4280694723129272 0.3164062500000000
f 373/2149/373 292/2150/292 291/2151/291
vt 0.0039062500000000 0.3030694723129272
vt 0.0039062500000000 0.2851562500000000
vt 0.0218194779008627 0.2851562500000000
f 373/2152/373 291/2153/291 279/2154/279
vt 0.5094305276870728 0.4335937500000000
vt 0.5312500000000000 0.4117742776870728
vt 0.5530694723129272 0.4335937500000000
f 392/2155/392 288/2156/288 293/2157/293
vt 0.0039062500000000 0.2773437500000000
vt 0.0039062500000000 0.2594305276870728
vt 0.0218194779008627 0.2773437500000000
f 392/2158/392 374/2159/374 288/2160/288
vt 0.3789062500000000 0.3655694723129272
vt 0.3789062500000000 0.3476562500000000
vt 0.3968194723129272 0.3476562500000000
f 362/2161/362 358/2162/358 383/2163/383
vt 0.3789062500000000 0.3398437500000000
vt 0.3789062500000000 0.3219305276870728
vt 0.3968194723129272 0.3398437500000000
f 378/2164/378 359/2165/359 382/2166/382
vt 0.3789062500000000 0.2851562500000000
vt 0.3968194723129272 0.2851562500000000
vt 0.3789062500000000 0.3030694723129272
f 361/2167/361 379/2168/379 351/2169/351
vt 0.3968194723129272 0.2773437500000000
vt 0.3789062500000000 0.2773437500000000
vt 0.3789062500000000 0.2594305276870728
f 359/2170/359 384/2171/384 382/2172/382
vt 0.4280694723129272 0.3085937500000000
vt 0.4101562500000000 0.3085937500000000
vt 0.4101562500000000 0.2906805276870728
f 364/2173/364 380/2174/380 381/2175/381
vt 0.6835937500000000 0.2594305276870728
vt 0.6835937500000000 0.2773437500000000
vt 0.6656805276870728 0.2773437500000000
f 376/2176/376 379/2177/379 361/2178/361
vt 0.6835937500000000 0.2851562500000000
vt 0.6835937500000000 0.3030694723129272
vt 0.6656805276870728 0.2851562500000000
f 377/2179/377 362/2180/362 383/2181/383
vt 0.3844305276870728 0.3085937500000000
vt 0.4023437500000000 0.2906805276870728
vt 0.4023437500000000 0.3085937500000000
f 363/2182/363 376/2183/376 340/2184/340
vt 0.4414062500000000 0.3476562500000000
vt 0.4593194723129272 0.3476562500000000
vt 0.4414062500000000 0.3655694723129272
f 377/2185/377 383/2186/383 346/2187/346
vt 0.4593194723129272 0.3398437500000000
vt 0.4414062500000000 0.3398437500000000
vt 0.4414062500000000 0.3219305276870728
f 381/2188/381 375/2189/375 364/2190/364
vt 0.6523437500000000 0.2539062500000000
vt 0.6523437500000000 0.2718194723129272
vt 0.6344305276870728 0.2539062500000000
f 379/2191/379 376/2192/376 363/2193/363
vt 0.6601562500000000 0.2539062500000000
vt 0.6780694723129272 0.2539062500000000
vt 0.6601562500000000 0.2718194723129272
f 384/2194/384 378/2195/378 382/2196/382
vt 0.7148437500000000 0.2539062500000000
vt 0.7148437500000000 0.2718194723129272
vt 0.6969305276870728 0.2539062500000000
f 380/2197/380 375/2198/375 381/2199/381
vt 0.5664062500000000 0.4469305276870728
vt 0.5882257223129272 0.4687500000000000
vt 0.5664062500000000 0.4905694723129272
f 385/2200/385 386/2201/386 387/2202/387
vt 0.2539062500000000 0.5585937500000000
vt 0.2539062500000000 0.5094305276870728
vt 0.3030694723129272 0.5585937500000000
f 385/2203/385 387/2204/387 409/2205/409
vt 0.0351562500000000 0.2906805276870728
vt 0.0530694797635078 0.3085937500000000
vt 0.0351562500000000 0.3085937500000000
f 385/2206/385 409/2207/409 289/2208/289
vt 0.5937500000000000 0.4742742776870728
vt 0.6155694723129272 0.4960937500000000
vt 0.5719305276870728 0.4960937500000000
f 385/2209/385 289/2210/289 374/2211/374
vt 0.7226562500000000 0.2539062500000000
vt 0.7405694723129272 0.2539062500000000
vt 0.7226562500000000 0.2718194723129272
f 391/2212/391 293/2213/293 388/2214/388
vt 0.0094305220991373 0.3085937500000000
vt 0.0273437500000000 0.2906805276870728
vt 0.0273437500000000 0.3085937500000000
f 391/2215/391 388/2216/388 389/2217/389
vt 0.0976562500000000 0.1656805276870728
vt 0.1155694797635078 0.1835937500000000
vt 0.0976562500000000 0.1835937500000000
f 391/2218/391 389/2219/389 390/2220/390
vt 0.0898437500000000 0.1835937500000000
vt 0.0719305276870728 0.1835937500000000
vt 0.0898437500000000 0.1656805276870728
f 391/2221/391 392/2222/392 293/2223/293
vt 0.3655694723129272 0.6210937500000000
vt 0.3164062500000000 0.6210937500000000
vt 0.3164062500000000 0.5719305276870728
f 388/2224/388 393/2225/393 387/2226/387
vt 0.5530694723129272 0.4960937500000000
vt 0.5094305276870728 0.4960937500000000
vt 0.5312500000000000 0.4742742776870728
f 388/2227/388 387/2228/387 386/2229/386
vt 0.1031805276870728 0.1523437500000000
vt 0.1210937500000000 0.1344305276870728
vt 0.1210937500000000 0.1523437500000000
f 388/2230/388 386/2231/386 389/2232/389
vt 0.6914062500000000 0.2851562500000000
vt 0.7093194723129272 0.2851562500000000
vt 0.6914062500000000 0.3030694723129272
f 396/2233/396 394/2234/394 397/2235/397
vt 0.2594305276870728 0.6210937500000000
vt 0.3085937500000000 0.5719305276870728
vt 0.3085937500000000 0.6210937500000000
f 396/2236/396 397/2237/397 395/2238/395
vt 0.3219305276870728 0.5585937500000000
vt 0.3710937500000000 0.5094305276870728
vt 0.3710937500000000 0.5585937500000000
f 396/2239/396 395/2240/395 398/2241/398
vt 0.3710937500000000 0.5664062500000000
vt 0.3710937500000000 0.6155694723129272
vt 0.3219305276870728 0.5664062500000000
f 374/2242/374 392/2243/392 394/2244/394
vt 0.2594305276870728 0.5039062500000000
vt 0.3085937500000000 0.5039062500000000
vt 0.3085937500000000 0.5530694723129272
f 392/2245/392 391/2246/391 397/2247/397
vt 0.6289062500000000 0.8655694723129272
vt 0.6289062500000000 0.7594305276870728
vt 0.6819757223129272 0.8125000000000000
f 392/2248/392 397/2249/397 394/2250/394
vt 0.3164062500000000 0.5530694723129272
vt 0.3164062500000000 0.5039062500000000
vt 0.3655694723129272 0.5039062500000000
f 396/2251/396 398/2252/398 385/2253/385
vt 0.4280694723129272 0.5664062500000000
vt 0.3789062500000000 0.6155694723129272
vt 0.3789062500000000 0.5664062500000000
f 396/2254/396 385/2255/385 374/2256/374
vt 0.6914062500000000 0.2594305276870728
vt 0.7093194723129272 0.2773437500000000
vt 0.6914062500000000 0.2773437500000000
f 396/2257/396 374/2258/374 394/2259/394
vt 0.5585937500000000 0.4469305276870728
vt 0.5585937500000000 0.4905694723129272
vt 0.5367742776870728 0.4687500000000000
f 397/2260/397 391/2261/391 399/2262/399
vt 0.3476562500000000 0.1656805276870728
vt 0.3655694723129272 0.1835937500000000
vt 0.3476562500000000 0.1835937500000000
f 390/2263/390 389/2264/389 402/2265/402
vt 0.4280694723129272 0.5585937500000000
vt 0.3789062500000000 0.5585937500000000
vt 0.3789062500000000 0.5094305276870728
f 390/2266/390 402/2267/402 400/2268/400
vt 0.4414062500000000 0.5719305276870728
vt 0.4905694723129272 0.6210937500000000
vt 0.4414062500000000 0.6210937500000000
f 390/2269/390 400/2270/400 399/2271/399
vt 0.1210937500000000 0.1601562500000000
vt 0.1210937500000000 0.1780694723129272
vt 0.1031805276870728 0.1601562500000000
f 390/2272/390 399/2273/399 391/2274/391
vt 0.0664062500000000 0.3655694723129272
vt 0.0664062500000000 0.3476562500000000
vt 0.0843194723129272 0.3476562500000000
f 395/2275/395 397/2276/397 399/2277/399
vt 0.6155694723129272 0.4335937500000000
vt 0.5719305276870728 0.4335937500000000
vt 0.5937500000000000 0.4117742776870728
f 395/2278/395 399/2279/399 400/2280/400
vt 0.3398437500000000 0.1835937500000000
vt 0.3219305276870728 0.1835937500000000
vt 0.3398437500000000 0.1656805276870728
f 395/2281/395 400/2282/400 401/2283/401
vt 0.3710937500000000 0.1523437500000000
vt 0.3531805276870728 0.1523437500000000
vt 0.3710937500000000 0.1344305276870728
f 395/2284/395 401/2285/401 398/2286/398
vt 0.4335937500000000 0.6210937500000000
vt 0.3844305276870728 0.6210937500000000
vt 0.4335937500000000 0.5719305276870728
f 398/2287/398 401/2288/401 385/2289/385
vt 0.4960937500000000 0.5094305276870728
vt 0.4960937500000000 0.5585937500000000
vt 0.4469305276870728 0.5585937500000000
f 401/2290/401 400/2291/400 402/2292/402
vt 0.4960937500000000 0.6155694723129272
vt 0.4469305276870728 0.5664062500000000
vt 0.4960937500000000 0.5664062500000000
f 401/2293/401 402/2294/402 386/2295/386
vt 0.3844305276870728 0.5039062500000000
vt 0.4335937500000000 0.5039062500000000
vt 0.4335937500000000 0.5530694723129272
f 401/2296/401 386/2297/386 385/2298/385
vt 0.3710937500000000 0.1601562500000000
vt 0.3710937500000000 0.1780694723129272
vt 0.3531805276870728 0.1601562500000000
f 402/2299/402 389/2300/389 386/2301/386
vt 0.3531805276870728 0.2148437500000000
vt 0.3710937500000000 0.1969305276870728
vt 0.3710937500000000 0.2148437500000000
f 403/2302/403 367/2303/367 366/2304/366
vt 0.1210937500000000 0.1969305276870728
vt 0.1210937500000000 0.2148437500000000
vt 0.1031805276870728 0.2148437500000000
f 403/2305/403 404/2306/404 369/2307/369
vt 0.4414062500000000 0.5039062500000000
vt 0.4905694723129272 0.5039062500000000
vt 0.4414062500000000 0.5530694723129272
f 403/2308/403 369/2309/369 367/2310/367
vt 0.3710937500000000 0.2405694723129272
vt 0.3531805276870728 0.2226562500000000
vt 0.3710937500000000 0.2226562500000000
f 373/2311/373 408/2312/408 393/2313/393
vt 0.7773437500000000 0.3164062500000000
vt 0.7773437500000000 0.3343194723129272
vt 0.7594305276870728 0.3164062500000000
f 373/2314/373 393/2315/393 388/2316/388
vt 0.7851562500000000 0.3343194723129272
vt 0.7851562500000000 0.3164062500000000
vt 0.8030694723129272 0.3164062500000000
f 373/2317/373 388/2318/388 292/2319/292
vt 0.1210937500000000 0.2405694723129272
vt 0.1031805276870728 0.2226562500000000
vt 0.1210937500000000 0.2226562500000000
f 405/2320/405 369/2321/369 404/2322/404
vt 0.5039062500000000 0.5664062500000000
vt 0.5530694723129272 0.5664062500000000
vt 0.5039062500000000 0.6155694723129272
f 405/2323/405 404/2324/404 406/2325/406
vt 0.0898437500000000 0.1914062500000000
vt 0.0898437500000000 0.2093194723129272
vt 0.0719305276870728 0.1914062500000000
f 405/2326/405 406/2327/406 372/2328/372
vt 0.7539062500000000 0.3476562500000000
vt 0.7718194723129272 0.3476562500000000
vt 0.7539062500000000 0.3655694723129272
f 405/2329/405 372/2330/372 369/2331/369
vt 0.0976562500000000 0.2093194723129272
vt 0.0976562500000000 0.1914062500000000
vt 0.1155694797635078 0.1914062500000000
f 403/2332/403 366/2333/366 407/2334/407
vt 0.6344305276870728 0.8710937500000000
vt 0.6875000000000000 0.8180242776870728
vt 0.7405694723129272 0.8710937500000000
f 403/2335/403 407/2336/407 408/2337/408
vt 0.7460937500000000 0.7594305276870728
vt 0.7460937500000000 0.8655694723129272
vt 0.6930242776870728 0.8125000000000000
f 403/2338/403 408/2339/408 404/2340/404
vt 0.5992742776870728 0.4062500000000000
vt 0.6210937500000000 0.3844305276870728
vt 0.6210937500000000 0.4280694723129272
f 406/2341/406 404/2342/404 408/2343/408
vt 0.7539062500000000 0.3219305276870728
vt 0.7718194723129272 0.3398437500000000
vt 0.7539062500000000 0.3398437500000000
f 406/2344/406 408/2345/408 373/2346/373
vt 0.4726562500000000 0.3710937500000000
vt 0.4726562500000000 0.3531805276870728
vt 0.4905694723129272 0.3710937500000000
f 406/2347/406 373/2348/373 372/2349/372
vt 0.6210937500000000 0.4905694723129272
vt 0.5992742776870728 0.4687500000000000
vt 0.6210937500000000 0.4469305276870728
f 407/2350/407 409/2351/409 410/2352/410
vt 0.6155694723129272 0.4414062500000000
vt 0.5937500000000000 0.4632257223129272
vt 0.5719305276870728 0.4414062500000000
f 407/2353/407 410/2354/410 408/2355/408
vt 0.0585937500000000 0.1344305276870728
vt 0.0585937500000000 0.1523437500000000
vt 0.0406805202364922 0.1523437500000000
f 409/2356/409 387/2357/387 410/2358/410
vt 0.0406805202364922 0.1601562500000000
vt 0.0585937500000000 0.1601562500000000
vt 0.0585937500000000 0.1780694723129272
f 410/2359/410 387/2360/387 393/2361/393
vt 0.4469305276870728 0.3710937500000000
vt 0.4648437500000000 0.3531805276870728
vt 0.4648437500000000 0.3710937500000000
f 410/2362/410 393/2363/393 408/2364/408
vt 0.0664062500000000 0.3398437500000000
vt 0.0664062500000000 0.3219305276870728
vt 0.0843194723129272 0.3398437500000000
f 320/2365/320 317/2366/317 311/2367/311
vt 0.4280694723129272 0.3710937500000000
vt 0.4101562500000000 0.3710937500000000
vt 0.4101562500000000 0.3531805276870728
f 317/2368/317 309/2369/309 311/2370/311
vt 0.4023437500000000 0.3710937500000000
vt 0.3844305276870728 0.3710937500000000
vt 0.4023437500000000 0.3531805276870728
f 314/2371/314 308/2372/308 411/2373/411
vt 0.4335937500000000 0.3398437500000000
vt 0.4156805276870728 0.3398437500000000
vt 0.4335937500000000 0.3219305276870728
f 308/2374/308 315/2375/315 411/2376/411
vt 0.1155694797635078 0.3710937500000000
vt 0.0976562500000000 0.3710937500000000
vt 0.0976562500000000 0.3531805276870728
f 315/2377/315 319/2378/319 411/2379/411
vt 0.0898437500000000 0.3710937500000000
vt 0.0719305202364922 0.3710937500000000
vt 0.0898437500000000 0.3531805276870728
f 282/2380/282 304/2381/304 412/2382/412
vt 0.0530694797635078 0.3710937500000000
vt 0.0351562500000000 0.3710937500000000
vt 0.0351562500000000 0.3531805276870728
f 304/2383/304 342/2384/342 412/2385/412
vt 0.4156805276870728 0.3476562500000000
vt 0.4335937500000000 0.3476562500000000
vt 0.4335937500000000 0.3655694723129272
f 342/2386/342 303/2387/303 412/2388/412
vt 0.0273437500000000 0.3710937500000000
vt 0.0094305220991373 0.3710937500000000
vt 0.0273437481373549 0.3531805276870728
f 284/2389/284 302/2390/302 413/2391/413
vt 0.0585937500000000 0.3219305276870728
vt 0.0585937500000000 0.3398437500000000
vt 0.0406805202364922 0.3398437500000000
f 302/2392/302 298/2393/298 413/2394/413
vt 0.7539062500000000 0.3030694723129272
vt 0.7539062500000000 0.2851562500000000
vt 0.7718194723129272 0.2851562500000000
f 298/2395/298 338/2396/338 413/2397/413
# 799 faces, 2397 coords texture

# End of File
